번호,종목코드,기업명,업종코드,업종,상장주식수(주),자본금(원),액면가(원),통화구분,대표전화,주소,총카운트
1,95570,AJ네트웍스,147603,산업용 기계 및 장비 임대업,46822295,46822295000,1000,원(KRW),02-6363-9999,"서울특별시 송파구 정의로8길 9 (문정동,AJ빌딩)",768
2,68400,AJ렌터카,147601,운송장비 임대업,22146300,11073150000,500,원(KRW),1544-1600,서울특별시 구로구  서부샛길 822 ,768
3,6840,AK홀딩스,116409,기타 금융업,13247561,66237805000,5000,원(KRW),02-6923-2921,서울특별시 구로구 구로중앙로 152(구로동) ,768
4,27410,BGF리테일,74701,종합 소매업,49547625,49547625000,1000,,1577-3663,서울특별시 강남구 테헤란로 405 ,768
5,138930,BNK금융지주,116409,기타 금융업,325935246,1629676230000,5000,원(KRW),051-620-3022,부산광역시 남구 문현금융로 30(문현동) ,768
6,1460,BYC,31401,봉제의복 제조업,624615,4200000000,5000,원(KRW),02-840-3175,서울특별시 영등포구 도림천로21길 3 ,768
7,1040,CJ,116409,기타 금융업,29176998,157914810000,5000,원(KRW),02-726-8114,"서울특별시 중구 동호로 330 쌍림동, 씨제이제일제당센터",768
8,79160,CJ CGV,105901,"영화, 비디오물, 방송프로그램 제작 및 배급업",21161313,10580656500,500,원(KRW),02-371-6660,서울특별시 용산구 한강대로23길 55 아이파크몰 6층(한강로동) ,768
9,120,CJ대한통운,84903,도로 화물 운송업,22812344,114061720000,5000,원(KRW),02-3782-0114,서울특별시 중구  세종대로9길 53 ,768
10,11150,CJ씨푸드,31007,기타 식품 제조업,35930773,18065386500,500,원(KRW),031-730-9114,경기도 성남시 중원구  둔촌대로388번길 32 (상대원동),768
11,97950,CJ제일제당,31007,기타 식품 제조업,13168998,72482155000,5000,원(KRW),726-8114,서울특별시 중구  동호로 330 ,768
12,37560,CJ헬로,106002,텔레비전 방송업,77446865,193617162500,2500,원(KRW),02-1855-1000,"서울특별시 마포구 월드컵북로56길 19 6층(상암동, 드림타워) ",768
13,590,CS홀딩스,116409,기타 금융업,1154482,5772410000,5000,원(KRW),02-3459-9363,경상북도 포항시 남구 괴동로 43 (장흥동),768
14,12030,DB,106201,"컴퓨터 프로그래밍, 시스템 통합 및 관리업",185935843,92967921500,500,원(KRW),02-2136-6000,서울특별시 강남구 삼성로96길 23 7층,768
15,16610,DB금융투자,116601,금융 지원 서비스업,42446389,212231945000,5000,원(KRW),02-369-3000,서울특별시 영등포구 국제금융로8길 32 동부증권빌딩,768
16,5830,DB손해보험,116501,보험업,70800000,35400000000,500,원(KRW),02-1588-0100,서울특별시 강남구  테헤란로 432 ,768
17,990,DB하이텍,32601,반도체 제조업,44367832,222400740000,5000,원(KRW),02-3484-2888,서울특별시 강남구  테헤란로 432 (주)동부하이텍,768
18,139130,DGB금융지주,116409,기타 금융업,169145833,845729165000,5000,원(KRW),537407900,대구광역시 북구 옥산로 111 대구은행 제2본점 9층,768
19,4840,DRB동일,116409,기타 금융업,19000000,9500000000,500,원(KRW),051-520-9000,부산광역시 금정구 공단동로55번길 28 ,768
20,155660,DSR,32402,1차 비철금속 제조업,16000000,8000000000,500,원(KRW),02-3420-3591,부산광역시 강서구 녹산산업중로192번길 7 ,768
21,69730,DSR제강,32401,1차 철강 제조업,14400000,7200000000,500,원(KRW),061-752-0121,전라남도 순천시  서면 산단1길 15 ,768
22,17940,E1,74607,기타 전문 도매업,6860000,34300000000,5000,원(KRW),02-3441-4114,"서울특별시 강남구  영동대로 517 아셈타워 13,14층",768
23,7700,F&F,31401,봉제의복 제조업,15400000,7700000000,500,원(KRW),02-520-0001,"서울특별시 강남구  언주로 541(역삼동,외 에프앤에프빌딩) ",768
24,114090,GKL,189102,유원지 및 기타 오락관련 서비스업,61855670,30927835000,500,원(KRW),3466-6209,서울특별시 강남구 삼성로 610 삼성동,768
25,78930,GS,116409,기타 금융업,92915378,473501020000,5000,원(KRW),-,서울특별시 강남구 논현로 508 ,768
26,6360,GS건설,64101,건물 건설업,71675237,358376185000,5000,원(KRW),02-2154-1112,서울특별시 종로구 종로 33 그랑서울,768
27,1250,GS글로벌,74608,상품 종합 도매업,82533764,206334410000,2500,원(KRW),02-2270-8114,서울특별시 강남구 논현로 508 GS강남타워 ,768
28,7070,GS리테일,74701,종합 소매업,77000000,77000000000,1000,원(KRW),02-2005-1114,서울특별시 강남구 논현로 508GS타워(역삼동 679) ,768
29,175330,JB금융지주,116409,기타 금융업,155439423,777197115000,5000,원(KRW),02-2128-2727,전라북도 전주시 덕진구  백제대로 566 ,768
30,234080,JW생명과학,32102,의약품 제조업,7917277,39586385000,5000,원(KRW),041-351-7600,충청남도 당진시 송악읍 한진1길 28 ,768
31,1060,JW중외제약,32102,의약품 제조업,19117112,48406142500,2500,원(KRW),02-840-6777,서울특별시 서초구  남부순환로 2477 ,768
32,96760,JW홀딩스,116409,기타 금융업,62020883,31010441500,500,원(KRW),02-840-6777,서울특별시 서초구  남부순환로 2477 ,768
33,105560,KB금융,116409,기타 금융업,418111537,2090557685000,5000,원(KRW),02-2073-7114,서울특별시 중구  남대문로 84 ,768
34,9440,KC그린홀딩스,116409,기타 금융업,22434980,11217490000,500,원(KRW),02-320-6311,서울특별시 마포구 상암산로 34디지털큐브 12층 ,768
35,119650,KC코트렐,32901,일반 목적용 기계 제조업,13000000,6500000000,500,원(KRW),02-3206-311,서울특별시 마포구 상암산로 34디지털큐브 12층 ,768
36,92220,KEC,32601,반도체 제조업,103940985,51970492500,500,원(KRW),02-2025-5000,서울특별시 서초구  마방로10길 5 ,768
37,109070,KGP,31702,"골판지, 종이 상자 및 종이용기 제조업",6581432,3290716000,500,원(KRW),070-4858-4652,경기도 용인시 처인구  이동면 백옥대로 563 ,768
38,1390,KG케미칼,32001,기초 화학물질 제조업,11929539,61955940000,5000,원(KRW),02-2680-4114,울산광역시 울주군 온산읍 당월로 322 ,768
39,1940,KISCO홀딩스,116409,기타 금융업,3695276,18476380000,5000,원(KRW),055-260-0500,경상남도 창원시 성산구  공단로103번길 12 한국철강(주) ,768
40,83420,KPX그린케미칼,32004,기타 화학제품 제조업,20000000,10000000000,500,원(KRW),041-661-5000,충남 서산시 대산읍 독곳리 411-13,768
41,25000,KPX케미칼,32001,기초 화학물질 제조업,4840000,24200000000,5000,원(KRW),02-2014-4000,서울특별시 마포구  마포대로 137  KPX빌딩,768
42,92230,KPX홀딩스,116409,기타 금융업,4224646,21123230000,5000,원(KRW),02-2014-4150,서울특별시 마포구  마포대로 137 KPX빌딩 19층,768
43,40,KR모터스,33109,그외 기타 운송장비 제조업,188265520,94132760000,500,원(KRW),055-282-7011,경상남도 창원시 성산구 완암로 28 　,768
44,44450,KSS해운,85001,해상 운송업,23185880,11592940000,500,원(KRW),3702-2700,서울특별시 종로구 인사동길 12 대일빌딩 8층 ,768
45,30210,KTB투자증권,116601,금융 지원 서비스업,60314092,301570460000,5000,원(KRW),02-2184-2000,서울특별시 영등포구  여의대로 66 KTB빌딩,768
46,58850,KTcs,106309,기타 정보 서비스업,42685000,23842500000,500,원(KRW),042-604-5138,대전광역시 서구 갈마로 160 ,768
47,93050,LF,31401,봉제의복 제조업,29240000,146200000000,5000,원(KRW),02-3441-8114,서울특별시 강남구 언주로 870 (신사동) ,768
48,3550,LG,116409,기타 금융업,172557131,879359040000,5000,원(KRW),02-3773-5114,서울특별시 영등포구  여의대로 128 ,768
49,34220,LG디스플레이,32602,전자부품 제조업,357815700,1789078500000,5000,원(KRW),02-3777-5114,서울특별시 영등포구 여의대로 128 LG트윈타워 (동관 12층) ,768
50,1120,LG상사,74601,상품 중개업,38760000,193800000000,5000,원(KRW),02-3773-1114,서울특별시 영등포구  여의대로 128 LG트윈타워 동관,768
51,51900,LG생활건강,32004,기타 화학제품 제조업,15618197,88589470000,5000,원(KRW),02-3773-5114,서울특별시 종로구  새문안로 58 ,768
52,32640,LG유플러스,106102,전기 통신업,436611361,2573969175000,5000,원(KRW),02-3773-1114,서울특별시 용산구 한강대로 32 (한강로3가) LG유플러스 용산사옥,768
53,11070,LG이노텍,32602,전자부품 제조업,23667107,118335535000,5000,원(KRW),02-3777-1114,서울특별시 중구 후암로 98 LG서울역빌딩 ,768
54,66570,LG전자,32604,통신 및 방송 장비 제조업,163647814,904169030000,5000,원(KRW),02-3777-1114,서울특별시 영등포구  여의대로 128 LG트윈타워,768
55,108670,LG하우시스,32202,플라스틱제품 제조업,8967670,50000000000,5000,원(KRW),3777-1114,서울특별시 영등포구 국제금융로 10 국제금융센터(One IFC),768
56,51910,LG화학,32001,기초 화학물질 제조업,70592343,391405715000,5000,원(KRW),02-3777-1114,서울특별시 영등포구  여의대로 128 ,768
57,79550,LIG넥스원,32502,무기 및 총포탄 제조업,22000000,110000000000,5000,원(KRW),1644 - 2005,경기도 용인시 기흥구 마북로 207 엘아이지넥스원(주) ,768
58,6260,LS,116409,기타 금융업,32200000,161000000000,5000,원(KRW),02-2189-9988,서울특별시 강남구 영동대로 517 아셈타워 아셈타워 21층,768
59,680,LS네트웍스,74608,상품 종합 도매업,78803016,394015080000,5000,원(KRW),02-799-7114,"경상남도 김해시 호계로 428 1층(부원동, 세화빌딩)",768
60,10120,LS산전,32801,"전동기, 발전기 및 전기 변환 · 공급 · 제어 장치 제조업",30000000,150000000000,5000,원(KRW),02-2034-4237,경기도 안양시 동안구  엘에스로 127 LS타워,768
61,229640,LS전선아시아,116409,기타 금융업,30624879,15312439500,500,원(KRW),031-428-0288,"경기도 안양시 동안구 엘에스로 127(호계동, LS타워) 3층 ",768
62,23150,MH에탄올,31101,알코올음료 제조업,7378526,4596763000,500,원(KRW),055-231-0701,경상남도 창원시 마산회원구 내서읍 광려천남로 25 ,768
63,35420,NAVER,106301,"자료처리, 호스팅, 포털 및 기타 인터넷 정보매개 서비스업",32962679,16481339500,500,원(KRW),1588-3830,경기도 성남시 분당구  불정로 6 ,768
64,181710,NHN엔터테인먼트,105802,소프트웨어 개발 및 공급업,19565025,9782512500,500,원(KRW),1544-6859,경기도 성남시 분당구  대왕판교로645번길 16 플레이뮤지엄,768
65,5940,NH투자증권,116601,금융 지원 서비스업,281408887,1531275030000,5000,원(KRW),02-768-7000,서울특별시 영등포구 여의대로 60 우리투자증권빌딩,768
66,34310,NICE,116409,기타 금융업,37882300,18941150000,500,원(KRW),02-2122-4000,서울특별시 영등포구 국회대로74길 4 (여의도동) 나이스그룹 3사옥,768
67,8260,NI스틸,32401,1차 철강 제조업,28426850,14213425000,500,원(KRW),02-758-6789,서울특별시 중구 세종대로 23 창화빌딩 남대문로5가,768
68,10060,OCI,32001,기초 화학물질 제조업,23849371,127246855000,5000,원(KRW),02-727-9500,서울특별시 중구  소공로 94 OCI 빌딩,768
69,100840,S&TC,32901,일반 목적용 기계 제조업,7084612,3542306000,500,원(KRW),055-212-6500,경상남도 창원시 성산구  완암로 12 ,768
70,64960,S&T모티브,33003,자동차 신품 부품 제조업,14623136,73115680000,5000,원(KRW),051-509-2114,부산광역시 기장군  철마면 여락송정로 363 ,768
71,3570,S&T중공업,33003,자동차 신품 부품 제조업,32473439,83683597500,2500,원(KRW),055-280-5000,경상남도 창원시 성산구  남면로 599 ,768
72,36530,S&T홀딩스,116409,기타 금융업,15830105,8115052500,500,원(KRW),02-3279-5010,서울특별시 금천구  가산디지털1로 134 ,768
73,10950,S-Oil,31902,석유 정제품 제조업,112582792,291511797500,2500,원(KRW),02-3772-5151,서울특별시 마포구  백범로 192 ,768
74,34120,SBS,106002,텔레비전 방송업,18252582,91262910000,5000,원(KRW),02-2061-0006,서울특별시 양천구  목동서로 161 ,768
75,101060,SBS미디어홀딩스,116409,기타 금융업,139896190,69948095000,500,원(KRW),02-2113-5599,서울특별시 양천구  목동서로 161 ,768
76,4060,SG세계물산,74608,상품 종합 도매업,202424960,101212480000,500,원(KRW),02-850-5191,서울특별시 금천구  디지털로10길 35 ,768
77,1380,SG충방,33003,자동차 신품 부품 제조업,44964143,22482071500,500,원(KRW),070-5038-6334,충청남도 논산시  연무읍 양지길 45-18 ,768
78,2360,SH에너지화학,32001,기초 화학물질 제조업,111133730,55566865000,500,원(KRW),063-469-1500,전라북도 군산시 외항7길 20 ,768
79,9160,SIMPAC,32902,특수 목적용 기계 제조업,29084925,14542462500,500,원(KRW),032-510-0044,인천광역시 부평구  부평북로 141 (주)SIMPAC,768
80,34730,SK,116409,기타 금융업,70360297,15385286400,200,원(KRW),02-2121-5114,서울특별시 종로구 종로 26 SK주식회사,768
81,11790,SKC,32004,기타 화학제품 제조업,37534555,187672775000,5000,원(KRW),031-250-7114,경기도 수원시 장안구 장안로309번길 84 (정자동) ,768
82,18670,SK가스,74607,기타 전문 도매업,8967396,44836980000,5000,원(KRW),02-6200-8114,경기도 성남시 분당구 판교로 332 ECO Hub,768
83,1740,SK네트웍스,74607,기타 전문 도매업,248187647,620753237500,2500,원(KRW),02-2221-2114,서울특별시 중구  남대문로 90 5-3 SK네트웍스,768
84,210980,SK디앤디,126801,부동산 임대 및 공급업,16155000,16155000000,1000,원(KRW),02-398-4700,경기도 성남시 분당구 판교로 332 (삼평동),768
85,96770,SK이노베이션,116409,기타 금융업,92465564,468569950000,5000,원(KRW),02-2121-5114,서울특별시 종로구  종로 26 ,768
86,1510,SK증권,116601,금융 지원 서비스업,320117171,162014842500,500,원(KRW),02-3773-8245,서울특별시 영등포구 국제금융로8길 31 여의도동 SK증권빌딩,768
87,6120,SK케미칼,32005,화학섬유 제조업,22364135,135601900000,5000,원(KRW),02-2008-2008,경기도 성남시 분당구 판교로 310 ,768
88,17670,SK텔레콤,106102,전기 통신업,80745711,44639473000,500,원(KRW),02-6100-2114,서울특별시 중구  을지로 65 (을자로2가),768
89,660,SK하이닉스,32601,반도체 제조업,728002365,3657652050000,5000,원(KRW),031-630-4114,경기도 이천시  부발읍 경충대로 2091 ,768
90,5610,SPC삼립,31007,기타 식품 제조업,8629009,43145045000,5000,원(KRW),02-2276-5061,경기도 시흥시 공단1대로 101 ,768
91,11810,STX,74608,상품 종합 도매업,178624308,446560770000,2500,원(KRW),02-316-9600,경상남도 창원시 성산구  중앙대로 105  ,768
92,77970,STX엔진,32901,일반 목적용 기계 제조업,23008904,57522260000,2500,원(KRW),-,경상남도 창원시 성산구  공단로474번길 36 ,768
93,71970,STX중공업,32901,일반 목적용 기계 제조업,24665351,61663377500,2500,원(KRW),055-280-0700,경상남도 창원시 성산구  남면로 381 ,768
94,2710,TCC동양,32401,1차 철강 제조업,22342500,22342500000,1000,원(KRW),02-2633-3311,경상북도 포항시 남구  괴동로 100 ,768
95,24070,WISCOM,32202,플라스틱제품 제조업,15025920,7512960000,500,원(KRW),031-495-1181,경기도 안산시 단원구  강촌로 237 ,768
96,37270,YG PLUS,137103,광고업,58170704,29710352000,500,원(KRW),02-3140-4600,서울특별시 강남구 도산대로15길 12 -,768
97,500,가온전선,32803,절연선 및 케이블 제조업,4160347,20801735000,5000,원(KRW),02-6921-3921,경기도 군포시  엘에스로45번길 120 ,768
98,860,강남제비스코,32004,기타 화학제품 제조업,6500000,6500000000,1000,원(KRW),051-892-4221,부산광역시 부산진구  냉정로 289 (가야동),768
99,35250,강원랜드,189102,유원지 및 기타 오락관련 서비스업,213940500,106970250000,500,원(KRW),033-590-7700,강원도 정선군 사북읍 하이원길 265 강원랜드,768
100,11420,갤럭시아에스엠,189101,스포츠 서비스업,27549644,13774822000,500,원(KRW),02-775-1300,서울특별시 강남구  학동로 311 미성빌딩 7층  ,768
101,2100,경농,32003,"비료, 농약 및 살균, 살충제 제조업",21691750,10845875000,500,원(KRW),02-3488-5800,서울특별시 서초구 강남대로39길 15-10한라비발디스튜디오193 ,768
102,9450,경동나비엔,32805,가정용 기기 제조업,12739510,12739510000,1000,원(KRW),031-8060-5500,경기도 평택시 서탄면 수월암길 95 -,768
103,267290,경동도시가스,43502,연료용 가스 제조 및 배관공급업,4717063,11792657500,2500,원(KRW),052-219-5300,울산광역시 북구 염포로 260-10(진장동) 주식회사 경동도시가스 ,768
104,12320,경동인베스트,116409,기타 금융업,2365023,11825115000,5000,원(KRW),031-738-5557,경기도 성남시 분당구 수내로46번길 4 경동빌딩 -,768
105,50,경방,31301,방적 및 가공사 제조업,27415270,13707635000,500,원(KRW),02-2638-6000,서울특별시 영등포구 영중로 15 (영등포동 4가) ,768
106,214390,경보제약,32101,기초 의약물질 및 생물학적 제제 제조업,23906860,11953430000,500,원(KRW),02-2175-2315,충청남도 아산시 실옥로 174 ,768
107,12610,경인양행,32001,기초 화학물질 제조업,40396365,20198182500,500,원(KRW),032-571-7498,인천광역시 서구  건지로 199 (석남동) 223-52,768
108,9140,경인전자,32602,전자부품 제조업,1570797,7853985000,5000,원(KRW),02-2113-2000,"서울특별시 금천구  가산디지털2로 184 1411호(가산동,벽산/경인디지털밸리2)",768
109,13580,계룡건설산업,64102,토목 건설업,8930907,44654535000,5000,원(KRW),042-480-7114-5,대전광역시 서구 문정로48번길 48 -,768
110,12200,계양전기,32901,일반 목적용 기계 제조업,32600000,17000000000,500,원(KRW),02-559-6800,서울특별시 강남구 테헤란로 508 (대치동)해성2빌딩 2층,768
111,4200,고려개발,64102,토목 건설업,21550000,107750000000,5000,원(KRW),031-420-9000,"경기도 용인시 수지구 풍덕천로 112 501(풍덕천동, 하나프라자빌딩)",768
112,2140,고려산업,31006,"곡물가공품, 전분 및 전분제품 제조업",24939425,24939425000,1000,원(KRW),051-600-5069,부산광역시 사상구 새벽시장로 21(감전동) ,768
113,10130,고려아연,32402,1차 비철금속 제조업,18870000,94350000000,5000,원(KRW),02-519-3416,서울특별시 강남구  강남대로 542 영풍빌딩 ,768
114,2240,고려제강,32401,1차 철강 제조업,18000000,18000000000,1000,원(KRW),051-760-1700,부산광역시 수영구 구락로 150 ,768
115,1290,골든브릿지증권,116601,금융 지원 서비스업,63737067,65040543000,1000,원(KRW),02-3779-3000,서울특별시 서대문구 충정로 50 골든브릿지빌딩 ,768
116,9290,광동제약,32102,의약품 제조업,52420851,52420851000,1000,원(KRW),02-6006-7777,서울특별시 서초구  서초중앙로 85 가산빌딩 ,768
117,17040,광명전기,32801,"전동기, 발전기 및 전기 변환 · 공급 · 제어 장치 제조업",43337615,21668807500,500,원(KRW),031-494-0720,경기도 안산시 단원구  목내로 160 (목내동) ,768
118,17900,광전자,32601,반도체 제조업,57943763,28971881500,500,원(KRW),063-839-1111,전라북도 익산시 약촌로8길 62-8 (어양동),768
119,37710,광주신세계,74701,종합 소매업,1600000,8000000000,5000,원(KRW),062-360-1234,광주광역시 서구  무진대로 932 (주)광주신세계,768
120,192530,광주은행,116401,은행 및 저축기관,51316057,256580285000,5000,원(KRW),062-239-5000,광주광역시 동구 제봉로 225 ,768
121,30610,교보증권,116601,금융 지원 서비스업,36000000,180000000000,5000,원(KRW),02-3771-9000,서울특별시 영등포구 의사당대로 97 교보증권빌딩 ,768
122,7690,국도화학,32001,기초 화학물질 제조업,5810616,29053080000,5000,원(KRW),02-3282-1400,서울특별시 금천구  가산디지털2로 61 ,768
123,5320,국동,74604,생활용품 도매업,13032774,6516387000,500,원(KRW),02-3407-7710,"서울특별시 동대문구 천호대로 405 7,8층(장안동,동보빌딩) ",768
124,1140,국보,84903,도로 화물 운송업,1682304,8411520000,5000,원(KRW),02-765-5544,서울특별시 중구 소공로 88 ,768
125,2720,국제약품,32102,의약품 제조업,17396596,17396596000,1000,원(KRW),031-781-9081,경기도 성남시 분당구  야탑로 96-8 ,768
126,14530,극동유화,31902,석유 정제품 제조업,34869420,17434710000,500,원(KRW),055-370-9900,경상남도 양산시  어실로 101 ,768
127,14280,금강공업,32401,1차 철강 제조업,4855964,24869695000,5000,원(KRW),051-264-8881,부산광역시 사하구  다산로 110 ,768
128,8870,금비,32301,유리 및 유리제품 제조업,1000000,5000000000,5000,원(KRW),031-632-5280,경기도 이천시 부발읍 중부대로1707번길 13 ,768
129,1570,금양,32001,기초 화학물질 제조업,42710111,21355055500,500,원(KRW),051-316-5881,부산광역시 사상구  낙동대로960번길 81 (감전동) (주)금양,768
130,2990,금호산업,64101,건물 건설업,35849527,180708965000,5000,원(KRW),02-6303-0114,전라남도 나주시 시청길 4 ,768
131,11780,금호석유화학,32001,기초 화학물질 제조업,30467691,167455885000,5000,원(KRW),02-6961-1114,서울특별시 중구 청계천로 100,
(수표동, 시그니쳐타워) ,768,,,,,,,,,
132,214330,금호에이치티,33003,자동차 신품 부품 제조업,9765000,4882500000,500,원(KRW),062-958-2700,광주광역시 광산구 용아로 717 ,768
133,1210,금호전기,32804,전구 및 조명장치 제조업,6916051,34580255000,5000,원(KRW),02-707-4000,서울특별시 마포구  마포대로4다길 41 마포타워빌딩 ,768
134,73240,금호타이어,32201,고무제품 제조업,157993158,789965790000,5000,원(KRW),02-6303-8114,광주광역시 광산구  어등대로 658 ,768
135,92440,기신정기,32902,특수 목적용 기계 제조업,29200000,14600000000,500,원(KRW),032-820-1600,"인천광역시 남동구  은봉로 111 49동 1호(논현동, 남동공단)",768
136,270,기아자동차,33001,자동차용 엔진 및 자동차 제조업,405363347,2139316735000,5000,원(KRW),02-3464-1114,서울특별시 서초구 헌릉로 12 기아자동차,768
137,24110,기업은행,116401,은행 및 저축기관,559978815,2799894075000,5000,원(KRW),02-729-6114,서울특별시 중구 을지로 79 중소기업은행본점,768
138,13700,까뮤이앤씨,64101,건물 건설업,4515228,22576140000,5000,원(KRW),031-633-9114,경기도 이천시 대월면 경충대로 1937번길 57 ,768
139,4540,깨끗한나라,31701,"펄프, 종이 및 판지 제조업",37240693,188034265000,5000,원(KRW),02-2270-9200,서울특별시 중구  삼일대로6길 5 신조양빌딩 8층 ,768
140,7460,나라케이아이씨,32509,기타 금속 가공제품 제조업,16926996,8463498000,500,원(KRW),02-3440-3000,서울특별시 강남구 영동대로 719 나라빌딩,768
141,1260,남광토건,64102,토목 건설업,9819185,49095925000,5000,원(KRW),02-3011-0114,"경기도 용인시 기흥구 흥덕중앙로 120 비122호(영덕동, 흥덕유타워) ",768
142,8350,남선알미늄,32402,1차 비철금속 제조업,110179090,55243490000,500,원(KRW),053-610-5110,대구광역시 달성군  논공읍 논공중앙로 288 ,768
143,4270,남성,74607,기타 전문 도매업,36212160,18106080000,500,원(KRW),02-2109-1550,서울특별시 구로구 디지털로31길 20 크라운프라자 13층 (주)남성,768
144,3920,남양유업,31005,낙농제품 및 식용빙과류 제조업,720000,4433310000,5000,원(KRW),02-2010-6601,서울특별시 강남구 도산대로 240 1964빌딩,768
145,2070,남영비비안,31401,봉제의복 제조업,6867945,6867945000,1000,원(KRW),02-3780-1114,서울특별시 용산구  서빙고로51길 52 ,768
146,25860,남해화학,32003,"비료, 농약 및 살균, 살충제 제조업",49678843,49678843000,1000,원(KRW),061-688-5354,서울특별시 강남구 테헤란로113길 15 (삼성동) ,768
147,5720,넥센,116409,기타 금융업,50880170,27240385000,500,원(KRW),055-333-0771,경상남도 김해시  김해대로 2595 ,768
148,2350,넥센타이어,32201,고무제품 제조업,97667877,54083938500,500,원(KRW),055-370-5114,경상남도 양산시  충렬로 355 넥센타이어 ,768
149,251270,넷마블게임즈,105802,소프트웨어 개발 및 공급업,85025404,8502540400,100,원(KRW),02-2271-7114,"서울특별시 구로구 디지털로 300 (구로동, 지밸리비즈플라자)",768
150,90350,노루페인트,32004,기타 화학제품 제조업,20000000,10231563000,500,원(KRW),031-467-6114,경기도 안양시 만안구  박달로 351 ,768
151,320,노루홀딩스,116409,기타 금융업,13291151,8500200500,500,원(KRW),02-2191-7700,경기도 안양시 만안구  박달로 351 ,768
152,6280,녹십자,32102,의약품 제조업,11686538,58432690000,5000,원(KRW),031-260-9304,경기도 용인시 기흥구  이현로30번길 107(보정동) ,768
153,5250,녹십자홀딩스,137105,회사 본부 및 경영 컨설팅 서비스업,47028210,25744900000,500,원(KRW),031-260-9300,경기 용인시 구성읍 동백리 (주)녹십자 303,768
154,4370,농심,31007,기타 식품 제조업,6082642,30413210000,5000,원(KRW),02-820-7114,서울특별시 동작구  여의대방로 112 ,768
155,72710,농심홀딩스,116409,기타 금융업,4637790,23188950000,5000,원(KRW),02-820-7820,서울특별시 동작구  여의대방로 112 (신대방동),768
156,23590,다우기술,106301,"자료처리, 호스팅, 포털 및 기타 인터넷 정보매개 서비스업",44866617,22433308500,500,원(KRW),070-8707-1000,경기도 용인시 수지구  디지털벨리로 81 디지털스퀘어 6층,768
157,20120,다우인큐브,106201,"컴퓨터 프로그래밍, 시스템 통합 및 관리업",15832549,7916274500,500,원(KRW),02-6320-8500,서울특별시 마포구 독막로 311 재화스퀘어 12층,768
158,15590,대경기계기술,32901,일반 목적용 기계 제조업,90739890,45369945000,500,원(KRW),052-278-9000,울산광역시 남구  처용로 260-37 ,768
159,19680,대교,168501,초등 교육기관,84702850,52064920000,500,원(KRW),02-829-1114,서울특별시 관악구 보라매로 3길 23 (보라매동 729-21) 대교타워,768
160,6370,대구백화점,74701,종합 소매업,10821611,54108055000,5000,원(KRW),053-423-1234,대구광역시 중구 동성로 30 9층 재무팀,768
161,4130,대덕GDS,32602,전자부품 제조업,20575613,11367806500,500,원(KRW),031-8040-8072,경기도 안산시 단원구  산단로 63 ,768
162,8060,대덕전자,32602,전자부품 제조업,48796300,24398150000,500,원(KRW),031-599-8829,경기도 시흥시 소망공원로 335 (정왕동),768
163,490,대동공업,32902,특수 목적용 기계 제조업,23728210,23728210000,1000,원(KRW),053-610-3000,대구광역시 달성군 논공읍 논공중앙로34길 35 35,768
164,8110,대동전자,32604,통신 및 방송 장비 제조업,10490447,5245223500,500,원(KRW),02-855-5121,서울특별시 금천구  가산디지털1로 33 ,768
165,5750,대림비앤코,32302,"내화, 비내화 요업제품 제조업",16672240,16672240000,1000,원(KRW),055-280-8400,경상남도 창원시 성산구  공단로 52 ,768
166,210,대림산업,64102,토목 건설업,34800000,218500000000,5000,원(KRW),02-2011-7114,서울특별시 종로구  종로1길 36 대림빌딩,768
167,4440,대림씨엔에스,32303,"시멘트, 석회, 플라스터 및 그 제품 제조업",12731947,12731947000,1000,원(KRW),02-311-3300,서울특별시 중구 을지로5길 16 삼화타워 5층 ,768
168,6570,대림통상,32509,기타 금속 가공제품 제조업,15225000,16425000000,1000,원(KRW),02-730-9811,서울특별시 서대문구  연희로 142 ,768
169,1680,대상,31007,기타 식품 제조업,34648025,36018248000,1000,원(KRW),02-2220-9500,서울특별시 동대문구  천호대로 26 ,768
170,84690,대상홀딩스,116409,기타 금융업,36212538,37126020000,1000,원(KRW),02-2211-6500,서울특별시 중구 세종대로9길 41 올리브타워 2층 ,768
171,128820,대성산업,74707,연료 소매업,45235478,226177390000,5000,원(KRW),02-2170-2125,"서울특별시 구로구 경인로 662(신도림동, 디큐브시티) ",768
172,117580,대성에너지,43502,연료용 가스 제조 및 배관공급업,27500000,27500000000,1000,원(KRW),053-606-1000,대구광역시 중구 명덕로 85 (남산동),768
173,16710,대성홀딩스,137105,회사 본부 및 경영 컨설팅 서비스업,16089459,16089459000,1000,원(KRW),053-606-1000,대구광역시 중구 명덕로 85 대성홀딩스,768
174,3540,대신증권,116601,금융 지원 서비스업,50773400,434867000000,5000,원(KRW),02-769-2000,서울특별시 중구 삼일대로 343 저동1가 대신파이낸스센터,768
175,9190,대양금속,32401,1차 철강 제조업,12317933,6158966500,500,원(KRW),041-333-4675,충청남도 예산군  신암면 추사로 146-8 ,768
176,14160,대영포장,31702,"골판지, 종이 상자 및 종이용기 제조업",106584898,53292449000,500,원(KRW),031-490-9300,"경기도 안산시 단원구 산단로 265 (원시동, 대영포장(주))",768
177,47040,대우건설,64101,건물 건설업,415622638,2078113190000,5000,원(KRW),02-2288-3114,서울특별시 종로구 새문안로 75 (주)대우건설,768
178,9320,대우부품,33003,자동차 신품 부품 제조업,47646375,23823187500,500,원(KRW),063-530-8171,전라북도 정읍시  공단2길 3 ,768
179,42660,대우조선해양,33101,선박 및 보트 건조업,105028809,530144045000,5000,원(KRW),055-735-2114,경상남도 거제시 거제대로 3370 (아주동),768
180,3090,대웅,116409,기타 금융업,58141980,29070990000,500,원(KRW),02-550-8800,경기 성남시 중원구 상대원동 223-23,768
181,69620,대웅제약,32102,의약품 제조업,11586575,28966437500,2500,원(KRW),02-550-8800,경기도 성남시 중원구  갈마치로 244 ,768
182,430,대원강업,33003,자동차 신품 부품 제조업,62000000,31000000000,500,원(KRW),02-3455-7300,충청남도 천안시 서북구 성거읍 오목모전길 117-8 대원강업주식회사,768
183,6340,대원전선,32803,절연선 및 케이블 제조업,68107171,35364185500,500,원(KRW),041-339-3400,충청남도 예산군  고덕면 호음덕령길 92 ,768
184,3220,대원제약,32102,의약품 제조업,18203175,9101587500,500,원(KRW),02-498-9100-7,서울특별시 성동구 천호대로 386 대원제약,768
185,24890,대원화성,32202,플라스틱제품 제조업,41249152,20624576000,500,원(KRW),031-372-3992,서울특별시 강남구 봉은사로 327 궁도빌딩 13층,768
186,2880,대유에이텍,33003,자동차 신품 부품 제조업,91872907,45936453500,500,원(KRW),062-940-8677,광주광역시 광산구  소촌로123번길 40-12 ,768
187,300,대유플러스,33003,자동차 신품 부품 제조업,88120526,44060263000,500,원(KRW),031-737-7000,광주광역시 서구  화운로230번길 28 ,768
188,12800,대창,32402,1차 비철금속 제조업,91140499,45570249500,500,원(KRW),031-496-3000,경기도 시흥시 공단1대로 391 ,768
189,15230,대창단조,33003,자동차 신품 부품 제조업,2000000,10000000000,5000,원(KRW),055-329-3911,경남 김해시 생림면 봉림리 1072-1,768
190,1070,대한방직,31302,직물직조 및 직물제품 제조업,1060000,5300000000,5000,원(KRW),02-368-0114,"서울특별시 영등포구  국제금융로2길 17 (여의도동,대한빌딩)",768
191,6650,대한유화,32001,기초 화학물질 제조업,6500000,41000000000,5000,원(KRW),02-2122-1515,서울특별시 종로구  자하문로 77 유남빌딩,768
192,1440,대한전선,32803,절연선 및 케이블 제조업,856473009,428236504500,500,원(KRW),02-316-9114,경기도 안양시 동안구 관양동 1746-2 대한스마트타워 ,768
193,84010,대한제강,32401,1차 철강 제조업,24646734,24646734000,1000,원(KRW),02-1670-3300,부산광역시 사하구 하신번영로 69 ,768
194,1790,대한제당,31006,"곡물가공품, 전분 및 전분제품 제조업",8840002,24044835000,2500,원(KRW),032-770-1400,인천광역시 중구  월미로 116(북성동1가) ,768
195,1130,대한제분,31006,"곡물가공품, 전분 및 전분제품 제조업",1690000,8450000000,5000,원(KRW),02-3455-0200,서울특별시 중구 세종대로 39 ,768
196,3490,대한항공,85101,항공 여객 운송업,94844634,479777140000,5000,원(KRW),02-2656-7114,서울특별시 강서구 하늘길 260 ,768
197,5880,대한해운,85001,해상 운송업,24426504,122132520000,5000,원(KRW),02-3701-0114,서울특별시 강서구 마곡중앙8로 78 에스엠알엔디센터 ,768
198,3830,대한화섬,32005,화학섬유 제조업,1328000,6640000000,5000,원(KRW),02-3406-0300,서울특별시 중구  동호로 310 ,768
199,16090,대현,31401,봉제의복 제조업,45282310,26906155000,500,원(KRW),02-3485-7000,"서울특별시 강남구 언주로 619 (논현동, 대현그린타워) ",768
200,69460,대호에이엘,32402,1차 비철금속 제조업,27134839,13567419500,500,원(KRW),053-610-5400,대구광역시 달성군  논공읍 논공중앙로 211 ,768
201,12510,더존비즈온,106201,"컴퓨터 프로그래밍, 시스템 통합 및 관리업",29672700,14836350000,500,원(KRW),02-6233-3000,강원도 춘천시 남산면 버들1길 130 ,768
202,4830,덕성,32202,플라스틱제품 제조업,15680000,8536000000,500,원(KRW),031-204-0781,경기도 수원시 영통구  신원로 25 ,768
203,24900,덕양산업,33003,자동차 신품 부품 제조업,32564980,16282490000,500,원(KRW),052-219-1114,울산광역시 북구  효암로 366 ,768
204,145720,덴티움,32701,의료용 기기 제조업,11068830,6184415000,500,원(KRW),070-7098-9158,"서울특별시 강남구 테헤란로87길 21 3층(삼성동, 동성빌딩)",768
205,8000,도레이케미칼,32005,화학섬유 제조업,46363851,237230757000,5000,원(KRW),054-469-4114,경상북도 구미시 구미대로 102 ,768
206,2150,도화엔지니어링,137201,"건축기술, 엔지니어링 및 관련 기술 서비스업",33720000,16860000000,500,원(KRW),02-6323-3032,서울특별시 강남구  삼성로 438 도화타워 ,768
207,1620,동국실업,33003,자동차 신품 부품 제조업,29412072,14706036000,500,원(KRW),02-754-2961,서울특별시 용산구  한강대로 350 ,768
208,1230,동국제강,32401,1차 철강 제조업,95432737,589228035000,5000,원(KRW),02-317-1114,서울특별시 중구  을지로5길 19 페럼타워,768
209,23450,동남합성,32001,기초 화학물질 제조업,1510074,7865040000,5000,원(KRW),041-840-3100,충청남도 공주시 탄천면 탄천산업단지길 80-61 -,768
210,4140,동방,84903,도로 화물 운송업,32523970,32523970000,1000,원(KRW),02-2190-8100,서울특별시 중구 남대문로 63 한진빌딩 23층,768
211,7590,동방아그로,32003,"비료, 농약 및 살균, 살충제 제조업",13617577,6808788500,500,원(KRW),02-580-3600,"서울특별시 관악구  남부순환로 2028 남현동, 동방빌딩",768
212,5960,동부건설,64102,토목 건설업,20853553,105396425000,5000,원(KRW),02-3484-2114,서울특별시 용산구 한강대로 372 제D동,768
213,16380,동부제철,32401,1차 철강 제조업,25000123,125802285000,5000,원(KRW),02-3450-8114,서울특별시 중구 후암로 98STX 남산타워 ,768
214,83370,동북아12호선박투자,147601,운송장비 임대업,1585660,7928300000,5000,원(KRW),02-590-1400,부산광역시 사상구 사상로 461 (모라동),768
215,83380,동북아13호선박투자,147601,운송장비 임대업,1585660,7928300000,5000,원(KRW),02-590-1400,부산광역시 사상구 사상로 461 (모라동),768
216,26960,동서,74603,음·식료품 및 담배 도매업,99700000,49850000000,500,원(KRW),02-701-5050,서울특별시 마포구 독막로 324 동서빌딩 ,768
217,2210,동성제약,32102,의약품 제조업,23110306,23110306000,1000,원(KRW),02-6911-3600,서울특별시 도봉구  도봉로 683  (방학동) 동성빌딩,768
218,102260,동성코퍼레이션,137105,회사 본부 및 경영 컨설팅 서비스업,45444970,45444970000,1000,원(KRW),02-2136-4300,부산광역시 사하구  신산로 99 ,768
219,5190,동성화학,32001,기초 화학물질 제조업,5335564,5531244000,1000,원(KRW),051-200-4500,부산광역시 사하구  신산로 99 ,768
220,640,동아쏘시오홀딩스,116409,기타 금융업,6138228,30691140000,5000,원(KRW),02-920-8114,서울특별시 동대문구  천호대로 64 ,768
221,58730,동아에스텍,32501,"구조용 금속제품, 탱크 및 증기발생기 제조업",15400000,8000000000,500,원(KRW),061-370-2114,전라남도 화순군  동면 동농공길 26-2 ,768
222,170900,동아에스티,32102,의약품 제조업,8443868,42219340000,5000,원(KRW),02-920-8114,서울 동대문구 용두동 138 ~255 천호대로 64,768
223,28100,동아지질,64201,기반조성 및 시설물 축조관련 전문공사업,11500000,5750000000,500,원(KRW),051-580-5550,부산광역시 금정구  금샘로 347 동아지질,768
224,7340,동아타이어공업,32201,고무제품 제조업,23727020,11863510000,500,원(KRW),055-389-0011,경상남도 양산시  유산공단11길 11 동아타이어공업,768
225,1520,동양,32303,"시멘트, 석회, 플라스터 및 그 제품 제조업",238684063,119850042500,500,원(KRW),02-3770-3000,"서울특별시 중구 청계천로 100, 서관(수표동, 시그니쳐타워) ",768
226,84670,동양고속,84902,육상 여객 운송업,2592000,13762255000,5000,원(KRW),02-535-3111,경기도 안양시 동안구 흥안대로 67 ,768
227,30790,동양네트웍스,106201,"컴퓨터 프로그래밍, 시스템 통합 및 관리업",66918743,33459371500,500,원(KRW),02-6923-0000,"서울특별시 송파구 백제고분로 69 (잠실동, 애플타워)",768
228,2900,동양물산기업,32902,특수 목적용 기계 제조업,65388900,32694450000,500,원(KRW),02-3014-2742,서울특별시 강남구 언주로133길 7 ,768
229,82640,동양생명,116501,보험업,161358585,806792925000,5000,원(KRW),02-1577-1004,서울특별시 종로구 종로 33 (청진동),768
230,8970,동양철관,32401,1차 철강 제조업,87236939,43618469500,500,원(KRW),02-6903-0200,충청남도 천안시 동남구  풍세면 풍세로 515 동양철관(주),768
231,3580,동원,20702,기타 비금속광물 광업,19181100,9590550000,500,원(KRW),02-6925-4450,강원도 정선군  사북읍 동탄길 32 ,768
232,49770,동원F&B,31007,기타 식품 제조업,3859124,19295620000,5000,원(KRW),02-589-3000-1,서울특별시 서초구  마방로 68 (양재동) 동원산업빌딩,768
233,18500,동원금속,33003,자동차 신품 부품 제조업,35954933,17977466500,500,원(KRW),053-859-2311,경상북도 경산시  진량읍 북리1길  69,768
234,6040,동원산업,10301,어로 어업,3363200,16816000000,5000,원(KRW),02-589-3333,서울특별시 서초구 마방로 68 (양재동),768
235,30720,동원수산,10301,어로 어업,4095263,20476315000,5000,원(KRW),02-528-8000,서울특별시 강남구  테헤란로8길 8 동주빌딩 6층,768
236,14820,동원시스템즈,32202,플라스틱제품 제조업,25618511,129419345000,5000,원(KRW),02-589-4700,경기도 성남시 중원구 둔촌대로541번길 46(상대원동) ,768
237,163560,동일고무벨트,32201,고무제품 제조업,12640000,6320000000,500,원(KRW),051-520-9114,부산광역시 금정구 공단동로55번길 28 ,768
238,1530,동일방직,31301,방적 및 가공사 제조업,2335786,11678930000,5000,원(KRW),02-2222-3071,서울특별시 강남구  테헤란로 516 정헌빌딩 8층,768
239,4890,동일산업,32401,1차 철강 제조업,2425215,12126075000,5000,원(KRW),054-288-7500,경상북도 포항시 남구  괴동로 112 (장흥동) 동일산업(주),768
240,2690,동일제강,32401,1차 철강 제조업,15000000,7500000000,500,원(KRW),031-677-1234,경기도 안성시 미양면 안성맞춤대로 474-40 ,768
241,20,동화약품,32102,의약품 제조업,27931470,27931470000,1000,원(KRW),02-2021-9300,서울특별시 중구 후암로 98 19층(남대문로5가),768
242,150,두산,137105,회사 본부 및 경영 컨설팅 서비스업,19197303,134842235000,5000,원(KRW),02-3398-0114,서울특별시 중구  장충단로 275 두산타원,768
243,11160,두산건설,64101,건물 건설업,61584271,40792135500,500,원(KRW),02-510-3114,서울특별시 강남구  언주로 726(논현동) ,768
244,241560,두산밥캣,116409,기타 금융업,100249166,50124583000,500,원(KRW),02-3398-0993,서울특별시 중구 장충단로 275 ,768
245,82740,두산엔진,32901,일반 목적용 기계 제조업,69500000,69500000000,1000,원(KRW),055-260-6000,경상남도 창원시 성산구 공단로 67 (신촌동),768
246,42670,두산인프라코어,32902,특수 목적용 기계 제조업,207520257,1037601285000,5000,원(KRW),032-211-1114,인천광역시 동구  인중로 489(화수동) ,768
247,34020,두산중공업,32901,일반 목적용 기계 제조업,106461787,532308935000,5000,원(KRW),055-278-6114,경상남도 창원시 성산구  두산볼보로 22 두산중공업 주식회사,768
248,16740,두올,33003,자동차 신품 부품 제조업,18235986,45589965000,2500,원(KRW),02-6922-7132,서울특별시 강남구 영동대로96길 20 대화빌딩 2층 ,768
249,24090,디씨엠,32401,1차 철강 제조업,11700000,6000000000,500,원(KRW),055-366-9991,경상남도 양산시  웅상농공단지길 55 ,768
250,3160,디아이,32702,"측정, 시험, 항해, 제어 및 기타 정밀기기 제조업; 광학기기 제외",31496785,17248392500,500,원(KRW),02-546-5501,서울특별시 강남구  논현로 703 ,768
251,92200,디아이씨,33003,자동차 신품 부품 제조업,22467410,11233705000,500,원(KRW),052-255-0500,울산광역시 울주군  두동면 봉계농공길 8 ,768
252,13570,디와이,116409,기타 금융업,26319633,13159816500,500,원(KRW),032-810-4100,인천광역시 남동구  남동서로362번길 36 (남촌동),768
253,210540,디와이파워,32902,특수 목적용 기계 제조업,11041708,5520854000,500,원(KRW),055-278-0800,경상남도 창원시 성산구 웅남로 812 (성주동),768
254,26890,디피씨,32801,"전동기, 발전기 및 전기 변환 · 공급 · 제어 장치 제조업",41678175,20839087500,500,원(KRW),031-599-0100,경기도 안산시 단원구  산단로19번길  145(목내동),768
255,115390,락앤락,32202,플라스틱제품 제조업,55000000,27500000000,500,원(KRW),02-520-9539,충청남도 아산시  선장면 삽교천로 104  (주)락앤락,768
256,32350,롯데관광개발,147502,여행사 및 기타 여행보조 서비스업,45395023,22697511500,500,원(KRW),1577-3000,서울특별시 종로구  세종대로 149 (세종로),768
257,400,롯데손해보험,116501,보험업,134280000,134280000000,1000,원(KRW),02-1588-3344,서울특별시 중구  소월로 3 롯데손해보험빌딩 ,768
258,23530,롯데쇼핑,74701,종합 소매업,28122047,140610235000,5000,원(KRW),02-771-2500,서울특별시 중구  남대문로 81 (소공동) ,768
259,4000,롯데정밀화학,32001,기초 화학물질 제조업,25800000,129000000000,5000,원(KRW),052-270-6112-4,울산광역시 남구 여천로217번길 19 ,768
260,280360,롯데제과,31007,기타 식품 제조업,4209102,2104551000,500,원(KRW),02-2670-6302,서울특별시 영등포구 양평로21길 10 ,768
261,4990,롯데지주,31007,기타 식품 제조업,73683000,14934124600,200,원(KRW),02-2670-6114,서울특별시 송파구 올림픽로 300 롯데월드타워,768
262,5300,롯데칠성음료,31102,비알코올음료 및 얼음 제조업,799346,4384385000,5000,원(KRW),02-3479-9114,서울특별시 서초구 서초대로70길 15 ,768
263,11170,롯데케미칼,32001,기초 화학물질 제조업,34275419,171377095000,5000,원(KRW),02-829-4114,"300, Olympic-ro, Songpa-gu, Seoul, Korea Lotte World Tower ",768
264,2270,롯데푸드,31005,낙농제품 및 식용빙과류 제조업,1131870,5659350000,5000,원(KRW),02-2629-0114,서울특별시 영등포구  양평로21길 10 ,768
265,71840,롯데하이마트,74703,가전제품 및 정보통신장비 소매업,23607712,118038560000,5000,원(KRW),02-2050-5000,서울특별시 강남구  삼성로 156  롯데하이마트빌딩,768
266,27740,마니커,31001,"도축, 육류 가공 및 저장 처리업",116725477,58362738500,500,원(KRW),031-281-5300,경기도 용인시 기흥구  용구대로2219번길 3 (신갈동) ,768
267,204320,만도,33003,자동차 신품 부품 제조업,9391424,46957120000,5000,원(KRW),031-680-6114,경기도 평택시 포승읍 하만호길 32 ,768
268,1080,만호제강,32401,1차 철강 제조업,4150000,4150000000,1000,원(KRW),051-601-0351,부산광역시 강서구  녹산화전로 71 ,768
269,88980,맥쿼리인프라,116402,신탁업 및 집합투자업,349044336,1815614802841,0,원(KRW),02-3705-8565,"서울특별시 중구 소공로 109 소공동, 한화빌딩 9층",768
270,94800,맵스리얼티1,116402,신탁업 및 집합투자업,92834331,464171655000,0,원(KRW),02-769-7892,서울 영등포구 여의도동 미래에셋빌딩 45-1,768
271,15540,메디플란트,147509,기타 사업지원 서비스업,4348233,2174116500,500,원(KRW),02-3404-3222,서울특별시 강남구 언주로 725 보전빌딩 동관 8층 ,768
272,138040,메리츠금융지주,116409,기타 금융업,142885818,71442909000,500,원(KRW),02-2018-6824,서울특별시 강남구  강남대로 382 ,768
273,8560,메리츠종금증권,116601,금융 지원 서비스업,605641072,605641072000,1000,원(KRW),02-785-6611,서울특별시 영등포구  국제금융로6길 15 (여의도동) ,768
274,60,메리츠화재,116501,보험업,110338000,55169000000,500,원(KRW),02-1566-7711,서울특별시 강남구  강남대로 382 메리츠타워,768
275,17180,명문제약,32102,의약품 제조업,24040000,12020000000,500,원(KRW),031-350-4000,경기도 화성시  향남읍 제약공단2길 26 ,768
276,12690,모나리자,31709,기타 종이 및 판지 제품 제조업,36571255,18885627500,500,원(KRW),02-829-8800,서울특별시 동작구  보라매로5길 15 전문건설회관빌딩 21층 (주)모나리자,768
277,5360,모나미,74604,생활용품 도매업,18897307,18897307000,1000,원(KRW),031-216-0153,"경기도 용인시 수지구  손곡로 17 (동천동, 모나미빌딩)",768
278,204210,모두투어리츠,126801,부동산 임대 및 공급업,7826815,39134075000,5000,원(KRW),02-6253-5911,서울특별시 중구 소공로 116 서울센터빌딩 7층 701호 ,768
279,9680,모토닉,33003,자동차 신품 부품 제조업,33000000,16500000000,500,원(KRW),053-589-6262,"서울특별시 종로구 종로1길 50 에이동 10층(중학동, 중학오피스 빌딩)",768
280,9580,무림P&P,31701,"펄프, 종이 및 판지 제조업",62368324,155920810000,2500,원(KRW),052-231-7000,울산광역시 울주군  온산읍 우봉길 3-36 ,768
281,9200,무림페이퍼,31701,"펄프, 종이 및 판지 제조업",41609310,104023275000,2500,원(KRW),055-751-1234,경상남도 진주시  남강로 1003 (상평동),768
282,33920,무학,31101,알코올음료 제조업,28500000,5700000000,200,원(KRW),1588-2226,경상남도 창원시 마산회원구  봉암공단2길 6 ,768
283,8420,문배철강,32401,1차 철강 제조업,20503505,10251752500,500,원(KRW),02-758-6640,서울특별시 중구 세종대로 23 창화빌딩 9층,768
284,25560,미래산업,32702,"측정, 시험, 항해, 제어 및 기타 정밀기기 제조업; 광학기기 제외",630818400,63081840000,100,원(KRW),041-621-5070,충청남도 천안시 서북구 백석공단7로 65 (백석동),768
285,7120,미래아이앤지,106201,"컴퓨터 프로그래밍, 시스템 통합 및 관리업",103587319,51793659500,500,원(KRW),02-3470-4400,서울특별시 강남구 도산대로 509 (청담동),768
286,6800,미래에셋대우,116601,금융 지원 서비스업,666316408,3401960790000,5000,원(KRW),02-768-3355,서울특별시 중구 을지로5길 26 미래에셋 센터원빌딩 이스트타워,768
287,85620,미래에셋생명,116501,보험업,145180000,725900000000,5000,원(KRW),02-1588-0220,서울특별시 영등포구 국제금융로 56 미래에셋대우빌딩 ,768
288,2840,미원상사,32004,기타 화학제품 제조업,857000,7949030000,5000,원(KRW),031-472-9120,경기도 안산시 단원구  원시로 49 (목내동) ,768
289,268280,미원에스씨,32001,기초 화학물질 제조업,5179111,2589555500,500,원(KRW),063-260-1500,전라북도 완주군 봉동읍 완주산단1로 167 ,768
290,107590,미원홀딩스,116409,기타 금융업,2331774,1315887000,500,원(KRW),031-479-9313,경기도 용인시 수지구 포은대로59번길 20 -,768
291,134380,미원화학,32004,기타 화학제품 제조업,2180000,2384812000,1000,원(KRW),031-479-9200,울산광역시 남구  장생포로 247 ,768
292,3650,미창석유공업,31902,석유 정제품 제조업,1739672,8698360000,5000,원(KRW),051-403-6441,부산광역시 영도구 해양로 241 미창석유 ,768
293,155900,바다로19호,147601,운송장비 임대업,15200004,76000020000,5000,원(KRW),02-3210-3333,"제주특별자치도 제주시 연삼로 473 (이도이동,산업경제진흥원) ",768
294,3610,방림,31302,직물직조 및 직물제품 제조업,4231409,21157045000,5000,원(KRW),02-2085-2114,서울특별시 마포구  월드컵북로 402 케이지아이티센터 18층,768
295,1340,백광산업,32001,기초 화학물질 제조업,44918407,22459203500,500,원(KRW),02-2681-0136,전라북도 군산시  임해로 494-16 ,768
296,14580,백광소재,32303,"시멘트, 석회, 플라스터 및 그 제품 제조업",27583100,13791550000,500,원(KRW),02-3661-8018,서울특별시 강서구  공항대로 467 (등촌동) ,768
297,35150,백산,32202,플라스틱제품 제조업,24200000,14000000000,500,원(KRW),031-499-0044-9,경기도 시흥시 공단1대로27번길 47 ,768
298,2410,범양건영,64101,건물 건설업,4753919,23769595000,5000,원(KRW),041-573-5631,"충청남도 천안시 서북구 검은들1길 7 4층(불당동,포인트프라자)",768
299,96300,베트남개발1,116402,신탁업 및 집합투자업,124245360,90699112800,0,원(KRW),02-2168-0493,서울특별시 영등포구 은행로 3 여의도동,768
300,7210,벽산,32309,기타 비금속 광물제품 제조업,68560000,34280000000,500,원(KRW),02-2260-6114,"서울특별시 중구  퇴계로 307 광희동 1가, 광희빌딩",768
301,2760,보락,32004,기타 화학제품 제조업,59900000,11980000000,200,원(KRW),031-352-6455,경기도 화성시  양감면 초록로 720-37 ,768
302,3850,보령제약,32102,의약품 제조업,8840000,22100000000,2500,원(KRW),02-708-8000,서울 종로구 원남동 보령빌딩 66-21,768
303,890,보해양조,31101,알코올음료 제조업,96570546,48285273000,500,원(KRW),061-243-3141,전라남도 목포시  호남로68번길 36 보해양조(주),768
304,3000,부광약품,32102,의약품 제조업,44564484,22282242000,500,원(KRW),02-828-8114,서울특별시 동작구  대방동1길 47 ,768
305,1270,부국증권,116601,금융 지원 서비스업,10369886,66849430000,5000,원(KRW),02-368-9200,서울 영등포구 여의도동 34-2,768
306,26940,부국철강,32401,1차 철강 제조업,20000000,10000000000,500,원(KRW),062-954-3806,광주광역시 광산구 하남산단9번로 90 (안청동),768
307,15350,부산도시가스,43502,연료용 가스 제조 및 배관공급업,11000000,55000000000,5000,원(KRW),051-607-1178,부산광역시 수영구  황령대로 513 ,768
308,11390,부산산업,32303,"시멘트, 석회, 플라스터 및 그 제품 제조업",1056000,5280000000,5000,원(KRW),051-315-8338,부산광역시 사상구 장인로 35 (감전동),768
309,5030,부산주공,33003,자동차 신품 부품 제조업,25140741,12570370500,500,원(KRW),052-231-3834,울산광역시 울주군  온산읍 회학1길 54 ,768
310,100220,비상교육,105801,"서적, 잡지 및 기타 인쇄물 출판업",12996741,6498370500,500,원(KRW),154-4055-4,서울특별시 구로구 디지털로 33길 48,
(구로동,대륭포스트타워7차19층) ,768,,,,,,,,,
311,5180,빙그레,31005,낙농제품 및 식용빙과류 제조업,9851241,49756205000,5000,원(KRW),02-2022-6000,경기도 남양주시 미금로65번길 45 (도농동) (주)빙그레 ,768
312,3960,사조대림,31002,수산물 가공 및 저장 처리업,5960575,29802875000,5000,원(KRW),02-3470-6000,서울특별시 서초구 남부순환로 2159 ,768
313,8040,사조동아원,31006,"곡물가공품, 전분 및 전분제품 제조업",141144600,70572300000,500,원(KRW),02-789-9524,서울특별시 서초구 방배천로2길 12 사조빌딩,768
314,7160,사조산업,10301,어로 어업,5000000,25000000000,5000,원(KRW),02-3277-1600,서울특별시 서대문구  통일로 107-39 사조산업빌딩 5층,768
315,14710,사조씨푸드,31002,수산물 가공 및 저장 처리업,17218543,17218543000,1000,원(KRW),02-721-6555,"서울특별시 서대문구 통일로 107-39 502(충정로2가, 사조빌딩)",768
316,6090,사조오양,31002,수산물 가공 및 저장 처리업,9422739,47113695000,5000,원(KRW),02-3470-6030,서울특별시 서초구 남부순환로 2159 (방배동),768
317,79660,사조해표,31007,기타 식품 제조업,7160000,35800000000,5000,원(KRW),02-2007-3112,"서울특별시 서초구 남부순환로 2159 (방배동,3층) ",768
318,5090,삼광글라스,32301,유리 및 유리제품 제조업,4854418,24272090000,5000,원(KRW),02-489-8000,"서울특별시 서초구 양재대로 246 2층,3층 한국소비자원",768
319,1470,삼부토건,64102,토목 건설업,18766750,93833750000,5000,원(KRW),02-3706-2114,서울특별시 중구  퇴계로 63 삼부빌딩 ,768
320,6400,삼성SDI,32802,일차전지 및 축전지 제조업,68764530,356712130000,5000,원(KRW),031-8006-3100,경기도 용인시 기흥구  공세로 150-20 ,768
321,6660,삼성공조,33003,자동차 신품 부품 제조업,8126314,4063157000,500,원(KRW),055-280-2733,경상남도 창원시 성산구  연덕로 176 삼성공조(주),768
322,28260,삼성물산,74607,기타 전문 도매업,189690043,19131748300,100,원(KRW),02-2145-5114,서울특별시 송파구 올림픽로35길 123 -,768
323,207940,삼성바이오로직스,32101,기초 의약물질 및 생물학적 제제 제조업,66165000,165412500000,2500,원(KRW),032-455-3114,인천광역시 연수구 송도바이오대로 300 ,768
324,32830,삼성생명,116501,보험업,200000000,100000000000,500,원(KRW),02-751-8157,서울특별시 서초구 서초대로74길 11 (서초동) 삼성생명보험 주식회사,768
325,18260,삼성에스디에스,106201,"컴퓨터 프로그래밍, 시스템 통합 및 관리업",77377800,38688900000,500,원(KRW),02-6155-3114,서울특별시 송파구 올림픽로35길 125(신천동) ,768
326,28050,삼성엔지니어링,137201,"건축기술, 엔지니어링 및 관련 기술 서비스업",196000000,980000000000,5000,원(KRW),02-2053-3000,서울특별시 강동구 상일동 500 삼성 GEC ,768
327,9150,삼성전기,32602,전자부품 제조업,74693696,388003400000,5000,원(KRW),031-210-5114,경기도 수원시 영통구  매영로 150 ,768
328,5930,삼성전자,32604,통신 및 방송 장비 제조업,129098494,897513820000,5000,원(KRW),031-200-1114,경기도 수원시 영통구  삼성로 129 (매탄동) ,768
329,1360,삼성제약,32102,의약품 제조업,39713570,19856785000,500,원(KRW),031-353-6681,경기도 화성시 향남읍 제약공단2길 35 삼성제약(주),768
330,10140,삼성중공업,33101,선박 및 보트 건조업,390000000,1950574225000,5000,원(KRW),02-3458-6177,경기도 성남시 분당구 판교로227번길 23 삼성중공업 판교R&D센터,768
331,16360,삼성증권,116601,금융 지원 서비스업,89300000,458478080000,5000,원(KRW),02-2020-8000,서울특별시 서초구 서초대로74길 11 (서초동),768
332,68290,삼성출판사,105801,"서적, 잡지 및 기타 인쇄물 출판업",10000000,5000000000,500,원(KRW),02-3470-6800,서울특별시 서초구  명달로 94 (주)삼성출판사,768
333,29780,삼성카드,116409,기타 금융업,115858891,614794455000,5000,원(KRW),02-1588-8700,서울특별시 중구  세종대로 67 ,768
334,810,삼성화재해상보험,116501,보험업,47374837,26473418500,500,원(KRW),02-1588-5114,서울특별시 서초구 서초대로74길 14 (서초동),768
335,6110,삼아알미늄,32402,1차 비철금속 제조업,11000000,5500000000,500,원(KRW),031-467-6800,경기도 평택시 포승읍 평택항로 92 삼아알미늄 주식회사,768
336,145990,삼양사,31007,기타 식품 제조업,10289803,53299365000,5000,원(KRW),02-740-7114,서울특별시 종로구 종로33길 31 삼양사,768
337,3230,삼양식품,31007,기타 식품 제조업,7533015,37665075000,5000,원(KRW),02-940-3000,서울특별시 성북구  오패산로3길 104 ,768
338,2170,삼양통상,31501,"가죽, 가방 및 유사제품 제조업",3000000,15000000000,5000,원(KRW),02-3453-3961,서울특별시 강남구 테헤란로 301(역삼동) 삼정개발빌딩 6층 ,768
339,70,삼양홀딩스,116409,기타 금융업,8564271,44341645000,5000,원(KRW),02-740-7114,서울특별시 종로구 종로33길 31 ,768
340,2810,삼영무역,74607,기타 전문 도매업,16466623,8233311500,500,원(KRW),02-320-4114,서울특별시 마포구  양화로 111 ,768
341,5680,삼영전자공업,32602,전자부품 제조업,20000000,10000000000,500,원(KRW),031-743-6701,경기도 성남시 중원구  사기막골로 47 (상대원동) ,768
342,3720,삼영화학공업,32202,플라스틱제품 제조업,34000000,17000000000,500,원(KRW),02-757-2291-3,"서울특별시 종로구 청계천로 35 13층(서린동, 관정빌딩)",768
343,23000,삼원강재,33003,자동차 신품 부품 제조업,40000000,20000000000,500,원(KRW),054-278-1983-8,경상북도 포항시 남구  대송면 철강산단로66번길 40 ,768
344,4380,삼익THK,32901,일반 목적용 기계 제조업,21000000,10500000000,500,원(KRW),053-665-7000,대구광역시 달서구  성서동로 163 ,768
345,2450,삼익악기,33302,악기 제조업,90530915,45265457500,500,원(KRW),043-1688-3151,충청북도 음성군  소이면 소이로 313 ,768
346,520,삼일제약,32102,의약품 제조업,5500000,5500000000,1000,원(KRW),02-520-0300,"서울특별시 서초구  효령로 155 (방배동, 삼일제약 사옥)",768
347,9770,삼정펄프,31701,"펄프, 종이 및 판지 제조업",2499971,12499855000,5000,원(KRW),02-743-7071,경기 평택시 고덕면 해창리 250,768
348,5500,삼진제약,32102,의약품 제조업,13900000,13900000000,1000,원(KRW),02-3140-0700,서울특별시 마포구  와우산로 121 삼진제약사옥 ,768
349,4690,삼천리,43502,연료용 가스 제조 및 배관공급업,4055025,20275125000,5000,원(KRW),02-368-3300,"서울특별시 영등포구  국제금융로6길 42 (여의도동, 삼천리빌딩)",768
350,1880,삼호,64101,건물 건설업,15179766,75898830000,5000,원(KRW),032-518-3535,인천광역시 남동구  미래로 14 ,768
351,10960,삼호개발,64201,기반조성 및 시설물 축조관련 전문공사업,25000000,12500000000,500,원(KRW),02-2046-7722,충청남도 당진시  면천면 면천로 183 ,768
352,4450,삼화왕관,32509,기타 금속 가공제품 제조업,2154379,10771895000,5000,원(KRW),031-490-8400,경기도 안산시 단원구  강촌로 140 삼화왕관(주),768
353,9470,삼화전기,32602,전자부품 제조업,6613820,6613820000,1000,원(KRW),043-261-0200,충청북도 청주시 흥덕구  봉명로 3 (복대동),768
354,11230,삼화전자공업,32605,영상 및 음향기기 제조업,14273820,14273820000,1000,원(KRW),031-374-5501,경기도 용인시 처인구  남사면 경기동로 215 삼화전자공업(주),768
355,1820,삼화콘덴서공업,32602,전자부품 제조업,10395000,10395000000,1000,원(KRW),031-332-6441,경기도 용인시 처인구  남사면 경기동로 227 ,768
356,390,삼화페인트공업,32004,기타 화학제품 제조업,26196427,13098213500,500,원(KRW),031-499-0394-6,경기도 안산시 단원구  별망로 178 ,768
357,41650,상신브레이크,33003,자동차 신품 부품 제조업,21471450,10735725000,500,원(KRW),053-616-9555,대구광역시 달성군 논공읍 논공중앙로33길 10 ,768
358,75180,새론오토모티브,33003,자동차 신품 부품 제조업,19200000,9600000000,500,원(KRW),041-560-4114,충청남도 천안시 동남구 병천면 가전5길 133 ,768
359,7540,샘표,116409,기타 금융업,2875800,2875800000,1000,원(KRW),02-3393-5500,서울특별시 중구 충무로 2 ,768
360,248170,샘표식품,31007,기타 식품 제조업,4568286,2284143000,500,원(KRW),02-3393-5500,"서울특별시 중구 충무로 2 8층 (필동1가, 매일경제빌딩)",768
361,7860,서연,116409,기타 금융업,23479844,11739922000,500,원(KRW),031-420-3000,경기도 안양시 동안구 부림로170번길 41-22(관양동) -,768
362,200880,서연이화,33003,자동차 신품 부품 제조업,27028437,13514218500,500,원(KRW),02-3484-4100,"서울특별시 강남구 테헤란로 208, 11층(역삼동, 안제타워) ",768
363,17390,서울도시가스,43502,연료용 가스 제조 및 배관공급업,5000000,35000000000,5000,원(KRW),02-810-8000,서울특별시 강서구 공항대로 607 (염창동) ,768
364,4410,서울식품공업,31007,기타 식품 제조업,337410000,33963450000,100,원(KRW),043-720-7000,충청북도 충주시 충원대로 862 ,768
365,21050,서원,32403,금속 주조업,47474590,23737295000,500,원(KRW),031-365-8700,"경기도 안산시 단원구  산단로67번길 94  (목내동, (주)서원)",768
366,8490,서흥,32004,기타 화학제품 제조업,11569113,6084556500,500,원(KRW),043-249-4100,충청북도 청주시 흥덕구 오송읍 오송생명로 61 -,768
367,7610,선도전기,32801,"전동기, 발전기 및 전기 변환 · 공급 · 제어 장치 제조업",18000000,9000000000,500,원(KRW),031-491-2284,경기도 안산시 단원구  원시로 86 ,768
368,136490,선진,31008,동물용 사료 및 조제식품 제조업,16279604,8139802000,500,원(KRW),031-637-1180,경기도 이천시  대월면 사동로 76 ,768
369,2820,선창산업,31602,나무제품 제조업,12607989,12607989000,1000,원(KRW),032-770-3000,인천광역시 중구 월미로 96 ,768
370,14910,성문전자,32602,전자부품 제조업,16554309,8577154500,500,원(KRW),031-650-2800,경기도 평택시  세교산단로 61 ,768
371,3080,성보화학,32003,"비료, 농약 및 살균, 살충제 제조업",20020000,10010000000,500,원(KRW),02-3789-3800,경기도 안산시 단원구 산단로19번길 168 (목내동) 성보화학주식회사,768
372,4980,성신양회,32303,"시멘트, 석회, 플라스터 및 그 제품 제조업",24008482,128508590000,5000,원(KRW),02-3782-7000,서울특별시 종로구  인사동5길 29 ,768
373,11300,성안,31302,직물직조 및 직물제품 제조업,56857860,28428930000,500,원(KRW),053-382-4772,대구광역시 북구  검단동로 35 (검단동),768
374,5980,성지건설,64102,토목 건설업,129127209,64563604500,500,원(KRW),031-272-0972,경기도 용인시 수지구 수지로296번길 51-9 ,768
375,180,성창기업지주,137105,회사 본부 및 경영 컨설팅 서비스업,69751600,36000000000,500,원(KRW),051-260-3333,부산광역시 사하구  다대로 627 (다대동),768
376,2420,세기상사,105901,"영화, 비디오물, 방송프로그램 제작 및 배급업",407592,2037960000,5000,원(KRW),02-3393-3500,서울특별시 중구 퇴계로 212 ,768
377,4360,세방,84903,도로 화물 운송업,19308690,11498970000,500,원(KRW),051-630-5300,부산광역시 남구  북항로 141 ,768
378,4490,세방전지,32802,일차전지 및 축전지 제조업,14000000,7000000000,500,원(KRW),02-3451-6201,서울특별시 강남구 선릉로 433 ,768
379,1430,세아베스틸,32401,1차 철강 제조업,35862119,219310595000,5000,원(KRW),02-6970-2021,서울시 마포구 양화로 45 ,768
380,3030,세아제강,32401,1차 철강 제조업,6000000,30000000000,5000,원(KRW),02-6970-1000,서울시마포구 양화로 45 ,768
381,19440,세아특수강,32401,1차 철강 제조업,8570000,42850000000,5000,원(KRW),054-285-4771,경상북도 포항시 남구  괴동로 40 ,768
382,58650,세아홀딩스,116409,기타 금융업,4000000,20000000000,5000,원(KRW),02-6970-0110,서울특별시 마포구 양화로 45 ,768
383,13000,세우글로벌,74607,기타 전문 도매업,23690705,11845352500,500,원(KRW),032-868-1100,인천광역시 남구 염전로261번길 26-48 ,768
384,91090,세원셀론텍,32501,"구조용 금속제품, 탱크 및 증기발생기 제조업",60593178,30296589000,500,원(KRW),02-2167-9000,서울특별시 영등포구  의사당대로 83 한국휴렛팩커드빌딩 6층 세원셀론텍(주),768
385,21820,세원정공,33003,자동차 신품 부품 제조업,10000000,5000000000,500,원(KRW),053-582-5161,대구광역시 달서구 달서대로 554 ,768
386,67830,세이브존I&C,74701,종합 소매업,41040895,41040895000,1000,원(KRW),032-320-9032,서울특별시 노원구  한글비석로 57 (하계동),768
387,33530,세종공업,33003,자동차 신품 부품 제조업,20054430,10027215000,500,원(KRW),052-219-1699,울산광역시 북구 공단길 4 (효문동),768
388,75580,세진중공업,33101,선박 및 보트 건조업,38372720,21986360000,500,원(KRW),052-231-8000,울산광역시 울주군 온산읍 당월로 216-18 ,768
389,27970,세하,31701,"펄프, 종이 및 판지 제조업",23499013,23499013000,1000,원(KRW),02-2056-8800,대구광역시 달성군  유가면 비슬로96길 97 ,768
390,145210,세화아이엠씨,32902,특수 목적용 기계 제조업,11882640,5941320000,500,원(KRW),062-944-6161,광주광역시 북구 첨단연신로29번길 26 ,768
391,4430,송원산업,32001,기초 화학물질 제조업,24000000,12000000000,500,원(KRW),052-273-9841,울산광역시 남구  장생포로 83,768
392,17550,수산중공업,32902,특수 목적용 기계 제조업,53985163,26992581500,500,원(KRW),031-352-7733,경기도 화성시  양감면 정문송산로 260 ,768
393,16590,신대양제지,31702,"골판지, 종이 상자 및 종이용기 제조업",3869237,19346185000,5000,원(KRW),031-494-7911,경기도 안산시 단원구  목내로 29 ,768
394,29530,신도리코,32603,컴퓨터 및 주변장치 제조업,10080029,50400145000,5000,원(KRW),02-460-1114,서울특별시 성동구  성수이로24길 3 (주)신도리코,768
395,4970,신라교역,10301,어로 어업,16000000,8000000000,500,원(KRW),02-3434-9900,서울특별시 송파구 백제고분로 362 신리빌딩,768
396,11930,신성이엔지,32601,반도체 제조업,172993713,86606856500,500,원(KRW),031-788-9500,경기도 성남시 분당구  대왕판교로395번길 8 (백현동 404-1) 신성솔라에너지,768
397,5390,신성통상,74607,기타 전문 도매업,143708390,71854195000,500,원(KRW),02-3709-9000,서울특별시 강동구 풍성로63길 84(둔촌동) ,768
398,4170,신세계,74701,종합 소매업,9845181,49225905000,5000,원(KRW),02-727-1234,서울특별시 중구  소공로 63 (충무로1가) 신세계백화점건물 (주)신세계,768
399,35510,신세계I&C,106201,"컴퓨터 프로그래밍, 시스템 통합 및 관리업",1720000,8600000000,5000,원(KRW),02-3397-1234,"서울특별시 중구 소공로 48 10층(회현로2가, 프라임타워)",768
400,34300,신세계건설,64101,건물 건설업,4000000,20000000000,5000,원(KRW),02-3406-6620,서울특별시 중구  장충단로 180 신세계건설 ,768
401,31430,신세계인터내셔날,74704,"섬유, 의복, 신발 및 가죽제품 소매업",7140000,35700000000,5000,원(KRW),02-6979-1234,서울특별시 강남구 도산대로 449 -,768
402,31440,신세계푸드,95601,음식점업,3872480,19362400000,5000,원(KRW),02-3397-6000,"서울특별시 성동구 성수일로 56 성수동BY센터 4-7층(성수동2가, 백영 성수빌딩)",768
403,6880,신송홀딩스,116409,기타 금융업,11828858,5914429000,500,원(KRW),27801400,서울특별시 영등포구 여의나루로 53-1 ,768
404,5800,신영와코루,31401,봉제의복 제조업,900000,4500000000,5000,원(KRW),02-818-5114,서울특별시 금천구  가산디지털1로 104 (주)신영와코루,768
405,1720,신영증권,116601,금융 지원 서비스업,9386237,82200000000,5000,원(KRW),02-2004-9000,"서울특별시 영등포구 국제금융로8길 16 (여의도동, 신영증권빌딩)",768
406,9270,신원,31401,봉제의복 제조업,63303370,31697055000,500,원(KRW),02-3274-5000,서울특별시 마포구  독막로 328 신원빌딩,768
407,2700,신일산업,74605,기계장비 및 관련 물품 도매업,71047521,35523760500,500,원(KRW),02-6309-7800,충청남도 천안시 서북구 입장면 연곡길 308 -,768
408,19170,신풍제약,32102,의약품 제조업,52984990,27592495000,500,원(KRW),031-491-6191,경기도 안산시 단원구 원시로 7 ,768
409,2870,신풍제지,31701,"펄프, 종이 및 판지 제조업",34958700,17479350000,500,원(KRW),02-2156-7521,경기도 평택시  고덕면 고덕로 144-32 신풍제지,768
410,5450,신한,64101,건물 건설업,7022839,35114195000,5000,원(KRW),02-369-0001,경기도 성남시 중원구  산성대로 208 ,768
411,55550,신한지주,116409,기타 금융업,474199587,2370997935000,5000,원(KRW),02-6360-3000,서울특별시 중구 세종대로9길 20 태평로2가,768
412,1770,신화실업,32401,1차 철강 제조업,1214878,6074390000,5000,원(KRW),031-499-9922,"경기도 안산시 단원구  번영2로 31 (성곡동,시화4다706)",768
413,4080,신흥,74605,기계장비 및 관련 물품 도매업,9600000,6733070000,500,원(KRW),02-6366-2000,서울특별시 중구 청파로 450  (중림동) 신흥빌딩 8층 재경팀,768
414,102280,쌍방울,31401,봉제의복 제조업,129124213,64562106500,500,원(KRW),02-3485-6000,서울특별시 강남구 도산대로 549(청담동) ,768
415,3410,쌍용양회공업,32303,"시멘트, 석회, 플라스터 및 그 제품 제조업",100771919,505403280000,5000,원(KRW),02-2270-5114,서울특별시 중구 수표로 34 씨티센터타워 7~9층,768
416,3620,쌍용자동차,33001,자동차용 엔진 및 자동차 제조업,137949396,689746980000,5000,원(KRW),031-610-1114,경기도 평택시  동삭로 455-12 ,768
417,4770,써니전자,32601,반도체 제조업,29976480,15938240000,500,원(KRW),043-853-1760,충청북도 충주시  목행산단2로 59 ,768
418,4920,씨아이테크,33309,그외 기타 제품 제조업,44787538,22393769000,500,원(KRW),02-410-9606,서울특별시 송파구 양재대로 932 가락몰 업무동 11층 동관,768
419,112610,씨에스윈드,32501,"구조용 금속제품, 탱크 및 증기발생기 제조업",17285715,8642857500,500,원(KRW),041-901-1827,충청남도 천안시 서북구 동서대로 129-12 백석대학빌딩,768
420,8700,아남전자,32605,영상 및 음향기기 제조업,77124820,38562410000,500,원(KRW),02-6424-4700,서울특별시 구로구 디지털로27가길 27아남빌딩 ,768
421,90430,아모레퍼시픽,32004,기타 화학제품 제조업,58458490,34508160000,500,원(KRW),02-709-5114,서울특별시 중구  청계천로 100 ,768
422,2790,아모레퍼시픽그룹,116409,기타 금융업,82458180,44450975000,500,원(KRW),02-709-5114,서울특별시 중구  청계천로 100 ,768
423,90370,아비스타,31401,봉제의복 제조업,13908929,6954464500,500,원(KRW),02-2189-7700,서울특별시 강남구 언주로 428(역삼동) ,768
424,2030,아세아,137105,회사 본부 및 경영 컨설팅 서비스업,2191024,10955120000,5000,원(KRW),02-527-6582,서울특별시 강남구  논현로 430 아세아타워빌딩 14층,768
425,183190,아세아시멘트,32303,"시멘트, 석회, 플라스터 및 그 제품 제조업",3295809,16479045000,5000,원(KRW),02-527-6582,서울 강남구 역삼2동 726 아세아타워빌딩 14층 ,768
426,2310,아세아제지,31702,"골판지, 종이 상자 및 종이용기 제조업",8956502,44782510000,5000,원(KRW),02-527-6882,서울특별시 강남구  논현로 430 ,768
427,20560,아시아나항공,85101,항공 여객 운송업,205235294,1026176470000,5000,원(KRW),02-2669-3114,서울특별시 강서구  오정로 443-83 ,768
428,122900,아이마켓코리아,74608,상품 종합 도매업,35943340,18166670000,500,원(KRW),02-3708-5678,서울특별시 강남구 삼성로 512 삼성동빌딩 16층,768
429,10780,아이에스동서,32302,"내화, 비내화 요업제품 제조업",30825680,15412840000,500,원(KRW),02-3218-6701,서울특별시 강남구  영동대로 741 ,768
430,3560,아이에이치큐,105901,"영화, 비디오물, 방송프로그램 제작 및 배급업",145153497,72576748500,500,원(KRW),02-6005-6000,서울특별시 강남구 선릉로 629 싸이더스HQ타워,768
431,79440,아이엔지생명,116501,보험업,82000000,82000000000,1000,원(KRW),02-2020-8382,"서울특별시 중구 세종대로7길 37(순화동, 아이엔지센터) ",768
432,39570,아이콘트롤스,64203,전기 및 통신 공사업,8230000,4115000000,500,원(KRW),031-785-1711,경기도 성남시 분당구 정자일로213번길 5 ,768
433,33660,아주캐피탈,116409,기타 금융업,57545890,287729450000,5000,원(KRW),02-2017-5400,대전광역시 서구 대덕대로 239 ,768
434,101140,아티스,74604,생활용품 도매업,23641211,11820605500,500,원(KRW),031-420-4900,"경기도 평택시 통미로 23 (합정동,1층)",768
435,1780,알루코,32402,1차 비철금속 제조업,74524102,37262051000,500,원(KRW),042-605-8300,대전광역시 대덕구  대화로119번길 31 ,768
436,2250,알보젠코리아,32102,의약품 제조업,11857922,59289610000,5000,원(KRW),02-2047-7712,"서울특별시 영등포구 국제금융로10, 13층(여의도동, 서울국제금융센터 투 아이에프씨동) ",768
437,7630,암니스,32604,통신 및 방송 장비 제조업,18955681,9477840500,500,원(KRW),032-865-5600,인천광역시 남구  길파로71번길 70 ,768
438,161000,애경유화,32001,기초 화학물질 제조업,32040000,16020000000,500,,02-850-2000,서울특별시 구로구  공원로 7 ,768
439,11090,에넥스,33201,가구 제조업,59991641,29995820500,500,원(KRW),02-2185-2000,서울특별시 서초구 서초대로73길 40(서초동) ,768
440,5850,에스엘,33003,자동차 신품 부품 제조업,33865090,16932545000,500,원(KRW),053-850-8511,대구광역시 북구  노원로 85 ,768
441,12750,에스원,147503,"경비, 경호 및 탐정업",37999178,18999589000,500,원(KRW),00-1588-3112,서울 중구 순화동 168 에스원빌딩 17층 총무팀,768
442,123700,에스제이엠,33003,자동차 신품 부품 제조업,15604898,7802449000,500,원(KRW),031-490-3838,경기도 안산시 단원구  별망로459번길 20 (주)에스제이엠,768
443,25530,에스제이엠홀딩스,116409,기타 금융업,14934008,7467004000,500,원(KRW),031-491-4151,경기도 안산시 단원구 별망로459번길 20 ,768
444,23960,에쓰씨엔지니어링,64102,토목 건설업,10963923,5481961500,500,원(KRW),02-2167-9090,서울특별시 영등포구 여의도동 23-6 한국HP빌딩 ,768
445,140910,에이리츠,126801,부동산 임대 및 공급업,3628735,18143675000,5000,원(KRW),02-2077-5800,"서울특별시 강남구 언주로 711 9층(논현동, 건설공제조합)",768
446,78520,에이블씨엔씨,32004,기타 화학제품 제조업,16890782,8445391000,500,원(KRW),02-6292-6789,서울특별시 금천구  가산디지털1로 119 SK트윈테크타워 A동 3층,768
447,15260,에이엔피,32602,전자부품 제조업,48684868,24342434000,500,원(KRW),032-676-9700,경기도 부천시 원미구  도약로 300 (주)에이엔피,768
448,3060,에이프로젠제약,32102,의약품 제조업,83237448,41618724000,500,원(KRW),02-561-4011,"서울특별시 송파구 오금로19길 6 301호(방이동, 강호빌딩)",768
449,36570,엔씨소프트,105802,소프트웨어 개발 및 공급업,21939022,10969511000,500,원(KRW),02-2186-3300,서울특별시 강남구 테헤란로 509(삼성동) ,768
450,138250,엔에스쇼핑,74709,무점포 소매업,33696000,16848000000,500,원(KRW),02-6336-1516,경기도 성남시 분당구 판교로228번길 15 ,768
451,85310,엔케이,32501,"구조용 금속제품, 탱크 및 증기발생기 제조업",79983352,39991676000,500,원(KRW),051-204-2211,부산광역시 강서구 녹산산단17로 113(주)엔케이 ,768
452,9810,엔케이물산,74607,기타 전문 도매업,67730290,33865145000,500,원(KRW),02-6000-7800,"서울특별시 강남구 영동대로 513 100-1(삼성동, 코엑스상사전시장C-)",768
453,4250,엔피씨,32202,플라스틱제품 제조업,36720000,21000000000,500,원(KRW),031-362-2851,경기도 안산시 단원구  해안로 289 엔피씨(주) ,768
454,14440,영보화학,32202,플라스틱제품 제조업,20000000,10000000000,500,원(KRW),042-822-0603,충청북도 청주시 흥덕구 강내면 서부로 230-23 ,768
455,111770,영원무역,74608,상품 종합 도매업,44311468,22155734000,500,원(KRW),390-6114,서울특별시 중구  만리재로 159 ,768
456,9970,영원무역홀딩스,116409,기타 금융업,13635592,6817796000,500,원(KRW),02-390-6000,서울특별시 중구 만리재로 159 (주)영원무역,768
457,3520,영진약품,32102,의약품 제조업,182892731,91446365500,500,원(KRW),02-2041-8200,서울특별시 송파구 올림픽로35다길 13 국민연금 잠실사옥 2~3층,768
458,670,영풍,32402,1차 비철금속 제조업,1842040,9210200000,5000,원(KRW),02-519-3314,서울특별시 강남구  강남대로 542 ,768
459,6740,영풍제지,31702,"골판지, 종이 상자 및 종이용기 제조업",22200000,11100000000,500,원(KRW),031-660-8200,경기도 평택시 진위면 서탄로 9 ,768
460,12280,영화금속,33003,자동차 신품 부품 제조업,45451006,23597333000,500,원(KRW),055-551-7500,경상남도 창원시 진해구  남의로 57 (남양동) ,768
461,12160,영흥철강,32401,1차 철강 제조업,85826509,42913254500,500,원(KRW),02-2077-8522,충청남도 보령시 주교면 관창공단길 50 -,768
462,15360,예스코,43502,연료용 가스 제조 및 배관공급업,6000000,30000000000,5000,원(KRW),02-1644-3030,서울특별시 성동구  자동차시장길 23 ,768
463,7310,오뚜기,31007,기타 식품 제조업,3440000,17200000000,5000,원(KRW),031-421-2122,경기도 안양시 동안구  흥안대로 405 ,768
464,2630,오리엔트바이오,32102,의약품 제조업,163033601,81516800500,500,원(KRW),031-730-6036,경기 성남시 중원구 상대원동 143-1,768
465,271560,오리온,31007,기타 식품 제조업,39533501,19766750500,500,원(KRW),02-710-6000,서울특별시 용산구 백범로90다길 13 ,768
466,1800,오리온홀딩스,31007,기타 식품 제조업,20550849,10275424500,500,원(KRW),02-710-6000,서울특별시 용산구  백범로90다길 13 (주)오리온 ,768
467,10600,와이비로드,74601,상품 중개업,15249884,7624942000,500,원(KRW),02-6902-1300,서울특별시 강남구  선릉로 433 세방빌딩 신관6층 (주)와이비로드,768
468,70960,용평리조트,95501,일반 및 생활 숙박시설 운영업,48133333,240666665000,5000,원(KRW),033-330-8350,강원도 평창군  대관령면 올림픽로 715 ,768
469,4720,우리들제약,32102,의약품 제조업,11288324,5644162000,500,원(KRW),02-2194-3532,경기 화성시 향남면 상신리 향남제약공단 902-5,768
470,118000,우리들휴브레인,74605,기계장비 및 관련 물품 도매업,20088211,10044105500,500,원(KRW),2194-3535,경기도 화성시 향남읍 제약공단2길 50 -,768
471,30,우리은행,116401,은행 및 저축기관,676000000,3381391855000,5000,원(KRW),02-2002-3000,서울특별시 중구 소공로 51 ,768
472,10050,우리종금,116409,기타 금융업,474203406,237101703000,500,원(KRW),062-221-6600,광주광역시 동구 금남로 182 (금남로5가),768
473,6980,우성사료,31006,"곡물가공품, 전분 및 전분제품 제조업",30900000,15450000000,500,원(KRW),042-670-1724,대전광역시 대덕구 한밭대로 1027 ,768
474,17370,우신시스템,32902,특수 목적용 기계 제조업,18314054,9157027000,500,원(KRW),031-496-6114,서울특별시 영등포구  영등포로 20 ,768
475,105840,우진,32702,"측정, 시험, 항해, 제어 및 기타 정밀기기 제조업; 광학기기 제외",17360000,8680000000,500,원(KRW),031-379-3114,경기도 화성시 동부대로970번길 110 ,768
476,49800,우진플라임,32902,특수 목적용 기계 제조업,10000000,5000000000,500,원(KRW),043-540-9000,충청북도 보은군 장안면 우진플라임로 100 본관동,768
477,16880,웅진,116409,기타 금융업,72677207,38588603500,500,원(KRW),02-2076-4701,서울특별시 종로구 창경궁로 120 종로플레이스빌딩,768
478,95720,웅진씽크빅,168501,초등 교육기관,34621165,17310582500,500,원(KRW),031-956-7000,경기도 파주시  회동길 20 ,768
479,103130,웅진에너지,32601,반도체 제조업,25080191,125400955000,5000,원(KRW),042-939-8114,대전광역시 유성구  테크노2로 37 (관평동),768
480,5820,원림,31303,편조원단 제조업,2200000,11000000000,5000,원(KRW),02-523-9236,서울특별시 서초구  남부순환로 2495 원림빌딩 9층 ,768
481,8600,윌비스,74604,생활용품 도매업,57000000,62646140000,1000,원(KRW),041-529-5716,충청남도 천안시 동남구  만남로 76 ,768
482,33270,유나이티드,32102,의약품 제조업,16207322,8103661000,500,원(KRW),02  -516 -3041,세종특별자치시 전동면 노장리 404-10 ,768
483,14830,유니드,32001,기초 화학물질 제조업,8889843,44449215000,5000,원(KRW),02-3709-9500,서울특별시 중구  을지로5길 19 ,768
484,910,유니온,32303,"시멘트, 석회, 플라스터 및 그 제품 제조업",15611619,7805809500,500,원(KRW),02-3455-8793,서울특별시 중구  소공로 94 OCI빌딩 13층,768
485,47400,유니온머티리얼,32302,"내화, 비내화 요업제품 제조업",42000000,21000000000,500,원(KRW),02-580-4135,대구광역시 달서구  성서공단남로 151 ,768
486,11330,유니켐,31501,"가죽, 가방 및 유사제품 제조업",50980259,25490129500,500,원(KRW),031-491-3751,경기도 안산시 단원구 해봉로 38 ,768
487,77500,유니퀘스트,74605,기계장비 및 관련 물품 도매업,27049809,13524904500,500,원(KRW),031-708-9988,"경기도 성남시 분당구  황새울로 314 (서현동,유니퀘스트빌딩)",768
488,2920,유성기업,33003,자동차 신품 부품 제조업,25947500,12973750000,500,원(KRW),02-564-2351,충청남도 아산시 둔포면 아산밸리동로 22 ,768
489,700,유수홀딩스,137105,회사 본부 및 경영 컨설팅 서비스업,26041812,65104530000,2500,원(KRW),02-3770-6868,서울특별시 영등포구 국제금융로2길 25 유수홀딩스,768
490,3470,유안타증권,116601,금융 지원 서비스업,199577436,1062448240000,5000,원(KRW),02-3770-2000,서울 중구 을지로2가 185번지 동양종합금융증권빌딩,768
491,11690,유양디앤유,32601,반도체 제조업,52332155,26166077500,500,원(KRW),031-350-7437,경기도 화성시  팔탄면 율암길 223 ,768
492,72130,유엔젤,106301,"자료처리, 호스팅, 포털 및 기타 인터넷 정보매개 서비스업",13195454,6597727000,500,원(KRW),031-710-6200,경기도 성남시 분당구 황새울로240번길 3 ,768
493,220,유유제약,32102,의약품 제조업,6161406,7835791000,1000,원(KRW),043-652-7981,충청북도 제천시  바이오밸리1로 94 ,768
494,1200,유진증권,116601,금융 지원 서비스업,96866418,537592090000,5000,원(KRW),02-368-6114,서울특별시 영등포구 국제금융로 24 (여의도동),768
495,100,유한양행,32102,의약품 제조업,11665896,59510420000,5000,원(KRW),02-828-0181,서울특별시 동작구  노량진로 74 ,768
496,3460,유화증권,116601,금융 지원 서비스업,11340483,74178840000,5000,원(KRW),02-3770-0100,서울특별시 영등포구  국제금융로2길 36 유화증권빌딩 ,768
497,8730,율촌화학,32202,플라스틱제품 제조업,24800000,14776380000,500,원(KRW),02-822-0022,서울특별시 동작구 여의대방로 112 도연관 15층,768
498,8250,이건산업,31602,나무제품 제조업,9373525,46867625000,5000,원(KRW),032-760-0800,인천광역시 남구 염전로 91  ,768
499,25820,이구산업,32402,1차 비철금속 제조업,33442000,16721000000,500,원(KRW),031-494-2929,경기도 평택시 포승읍 포승공단로 42 이구산업(주),768
500,214320,이노션,137103,광고업,20000000,10000000000,500,원(KRW),02-2016-2300,서울특별시 강남구 강남대로 308 ,768
501,139480,이마트,74701,종합 소매업,27875819,139379095000,5000,원(KRW),02-380-5678,서울특별시 성동구  뚝섬로 377 ,768
502,7660,이수페타시스,32602,전자부품 제조업,41268398,41268398000,1000,원(KRW),053-610-0300,대구광역시 달성군  논공읍 논공로53길 36 이수페타시스,768
503,5950,이수화학,32001,기초 화학물질 제조업,15278000,76390000000,5000,원(KRW),02-590-6600,서울특별시 서초구 사평대로 84 이수화학 ,768
504,15020,이스타코,126801,부동산 임대 및 공급업,42851600,21425800000,500,원(KRW),02-2643-7922,서울특별시 양천구 오목로 325 대학빌딩 5층,768
505,93230,이아이디,74607,기타 전문 도매업,122690174,24538034800,200,원(KRW),031-763-1331,경기도 광주시 곤지암읍 경충대로 425 4층,768
506,74610,이엔쓰리,32901,일반 목적용 기계 제조업,21886139,10943069500,500,원(KRW),031-366-9600,경기도 화성시  비봉면 현대기아로 818-11 ,768
507,102460,이연제약,32102,의약품 제조업,12900000,6450000000,500,원(KRW),02-3407-5218,"서울특별시 강남구 영동대로 416 8층 (대치동, 코스모타워)",768
508,84680,이월드,189102,유원지 및 기타 오락관련 서비스업,90509897,90509897000,1000,원(KRW),053-620-0001,대구광역시 달서구  두류공원로 200 ,768
509,760,이화산업,74607,기타 전문 도매업,2800000,14000000000,5000,원(KRW),02-2007-5555,서울특별시 영등포구 선유동2로 70 (당산동 5가),768
510,14990,인디에프,31401,봉제의복 제조업,58932995,29466497500,500,원(KRW),02-3456-9000,서울특별시 강남구  테헤란로104길 21 ,768
511,6490,인스코비,106102,전기 통신업,87270467,43635233500,500,원(KRW),070-7510-3448,"서울특별시 금천구  디지털로9길 47 (가산동, 한신아이티타워2차306-2호)",768
512,23800,인지컨트롤스,33003,자동차 신품 부품 제조업,15160128,7580064000,500,원(KRW),031-496-1725,"경기도 시흥시  군자천로 171 (정왕동, 시화공단2다504)",768
513,34590,인천도시가스,43502,연료용 가스 제조 및 배관공급업,4374754,21873770000,5000,원(KRW),-1600-0002,인천광역시 서구  백범로934번길 23 ,768
514,129260,인터지스,84903,도로 화물 운송업,29747874,14873937000,500,원(KRW),051-604-3333,부산광역시 중구  충장대로9번길 52 마린센터 13층,768
515,23810,인팩,33003,자동차 신품 부품 제조업,10000000,5000000000,500,원(KRW),02-3432-3333,서울특별시 송파구 백제고분로 450 -,768
516,249420,일동제약,32102,의약품 제조업,19629292,19629292000,1000,원(KRW),25263114,서울특별시 서초구 바우뫼로27길 2 ,768
517,230,일동홀딩스,116409,기타 금융업,10490296,10490296000,1000,원(KRW),02-526-3114,서울특별시 서초구  바우뫼로27길 2 일동제약빌딩,768
518,13360,일성건설,64102,토목 건설업,53403640,27012440000,500,원(KRW),032-429-3270,"인천광역시 남동구  인하로507번길 80 (구월동, 태광프라자402호)",768
519,3120,일성신약,32102,의약품 제조업,2660000,13300000000,5000,원(KRW),02-3271-8800,서울특별시 용산구  원효로84길 9 ,768
520,3200,일신방직,31301,방적 및 가공사 제조업,2400000,12000000000,5000,원(KRW),02-3774-0114,서울특별시 영등포구  은행로 11 ,768
521,7110,일신석재,74606,"건축자재, 철물 및 난방장치 도매업",77456610,38728305000,500,원(KRW),02-487-9009,서울특별시 강동구 성내로 19 서경빌딩 6층,768
522,7570,일양약품,32102,의약품 제조업,19045984,48727660000,2500,원(KRW),02-570-3700,경기도 용인시 기흥구  하갈로 110 ,768
523,8500,일정실업,31303,편조원단 제조업,1200000,6000000000,5000,원(KRW),031-493-0031-5,경기도 안산시 단원구 산성로 21 (초지동),768
524,81000,일진다이아,32004,기타 화학제품 제조업,11277975,11277975000,1000,원(KRW),02-707-9076,충청북도 음성군  대소면 대금로 157 ,768
525,20760,일진디스플,32601,반도체 제조업,28314440,14157220000,500,원(KRW),031-680-0212,충청북도 음성군  대소면 대금로 157 ,768
526,20150,일진머티리얼즈,32602,전자부품 제조업,46000000,23000000000,500,원(KRW),02-707-9060,전라북도 익산시 석암로3길 63-25 ,768
527,103590,일진전기,32803,절연선 및 케이블 제조업,37080390,37080390000,1000,원(KRW),02-707-9781,경기도 화성시  만년로 905-17 ,768
528,15860,일진홀딩스,116409,기타 금융업,49347483,49852615000,1000,원(KRW),031-220-0500,경기도 화성시  만년로 905-17 ,768
529,226320,잇츠한불,74604,생활용품 도매업,21929315,10964657500,500,원(KRW),02-3450-0343,서울특별시 강남구 언주로 634 ,768
530,33240,자화전자,32602,전자부품 제조업,17900000,8950000000,500,원(KRW),043-210-7114,충청북도 청원군  북이면 충청대로 1217 ,768
531,950,전방,31301,방적 및 가공사 제조업,1680000,8400000000,5000,원(KRW),02-2122-6000,"서울특별시 서대문구  서소문로 21 (충정로3가, 충정타워)",768
532,194370,제이에스코퍼레이션,31501,"가죽, 가방 및 유사제품 제조업",13335601,1333560100,100,원(KRW),02-2040-3400,서울특별시 강남구 개포로 640 ,768
533,25620,제이준코스메틱,32004,기타 화학제품 제조업,66962856,6696285600,100,원(KRW),02-2193-9500,인천광역시 남동구 남동동로 141 3층(고잔동),768
534,30000,제일기획,137103,광고업,115041225,23008245000,200,원(KRW),02-3780-2114,서울특별시 용산구  이태원로 222 제일기획 ,768
535,271980,제일약품,32102,의약품 제조업,10504493,5252246500,500,원(KRW),02-549-7451,서울특별시 서초구 사평대로 343 제일약품 사옥 ,768
536,1560,제일연마,32309,기타 비금속 광물제품 제조업,10000000,5000000000,500,원(KRW),054-285-8401,경상북도 포항시 남구 대송로101번길 34(장흥동) ,768
537,2620,제일파마홀딩스,137105,회사 본부 및 경영 컨설팅 서비스업,4345507,2172753500,500,원(KRW),02-549-7451,서울특별시 서초구 사평대로 343 ,768
538,6220,제주은행,116401,은행 및 저축기관,22128774,110643870000,5000,원(KRW),064-720-0200,제주특별자치도 제주시  오현길 90 (이도일동),768
539,89590,제주항공,85101,항공 여객 운송업,26356758,131783790000,5000,원(KRW),070-7420-1986,제주특별자치도 제주시 신대로 64 3층 ,768
540,4910,조광페인트,32004,기타 화학제품 제조업,12800000,6400000000,500,원(KRW),051-304-7701-5,부산광역시 사상구  삼덕로 5 148,768
541,4700,조광피혁,31501,"가죽, 가방 및 유사제품 제조업",6649138,34245690000,5000,원(KRW),043-270-5311-3,"충청북도 청주시 흥덕구 공단로126번길 97 (송정동, 공단2브럭)",768
542,1550,조비,32003,"비료, 농약 및 살균, 살충제 제조업",4609734,23048670000,5000,원(KRW),02-3488-5853,서울특별시 서초구 효령로77길 28 동오빌딩 (서초동 1337-4),768
543,480,조선내화,32302,"내화, 비내화 요업제품 제조업",4000000,20000000000,5000,원(KRW),061-798-8114,전라남도 광양시 산업로 55 ,768
544,120030,조선선재,32509,기타 금속 가공제품 제조업,1257651,628825500,500,원(KRW),054-289-8200,경상북도 포항시 남구 괴동로 43 (장흥동),768
545,18470,조일알미늄,32402,1차 비철금속 제조업,69600000,34800000000,500,원(KRW),053-856-5252,경상북도 경산시  진량읍 공단6로 98 ,768
546,2600,조흥,31007,기타 식품 제조업,600000,3000000000,5000,원(KRW),031-433-3883,경기도 안산시 단원구  시화로 38 (성곡동),768
547,185750,종근당,32102,의약품 제조업,9409050,23522625000,2500,원(KRW),02-2194-0300,서울 서대문구 충정로3가 3가 368 종근당빌딩 ,768
548,63160,종근당바이오,32102,의약품 제조업,5229489,13073722500,2500,원(KRW),02-2194-0555,서울특별시 서대문구  충정로 8 ,768
549,1630,종근당홀딩스,116409,기타 금융업,5009861,12524652500,2500,원(KRW),02-6373-0600,서울특별시 서대문구  충정로 8 종근당빌딩 ,768
550,44380,주연테크,32603,컴퓨터 및 주변장치 제조업,63773270,6377327000,100,원(KRW),02-2122-1000,서울특별시 마포구 양화로 134 (서교동) 5층,768
551,13870,지엠비코리아,33003,자동차 신품 부품 제조업,19072280,9536140000,500,원(KRW),055-263-2131,경상남도 창원시 성산구  웅남로 618(성산동) ,768
552,71320,지역난방공사,43503,"증기, 냉·온수 및 공기조절 공급업",11578744,57893720000,5000,원(KRW),031-780-4114,경기도 성남시 분당구 분당로 368 ,768
553,10580,지코,33003,자동차 신품 부품 제조업,45004179,22502089500,500,원(KRW),041-529-7714,충청남도 아산시 도고면 도고면로 48-15 (주)지코,768
554,35000,지투알,137105,회사 본부 및 경영 컨설팅 서비스업,16567409,17571493000,1000,원(KRW),02-705-2173,서울특별시 마포구  마포대로 155 LG마포B/D15F,768
555,88790,진도,74607,기타 전문 도매업,12447744,6223872000,500,원(KRW),02-850-8270,서울특별시 금천구  가산디지털1로 75 ,768
556,3780,진양산업,32202,플라스틱제품 제조업,13000000,6500000000,500,원(KRW),055-382-8981,경상남도 양산시  유산공단7길 42-1 ,768
557,10640,진양폴리우레탄,32001,기초 화학물질 제조업,10000000,5000000000,500,원(KRW),031-657-2545,경기 평택시 세교동 536-8번지,768
558,100250,진양홀딩스,116409,기타 금융업,55895292,27947646000,500,원(KRW),051-809-8813,부산광역시 부산진구 시민공원로 20번길 8(부암동) -,768
559,51630,진양화학,32202,플라스틱제품 제조업,12000000,6000000000,500,원(KRW),052-278-0700,울산광역시 남구  장생포로 93 ,768
560,11000,진원생명과학,32102,의약품 제조업,16174063,16174063000,1000,원(KRW),02-527-0600,서울특별시 강남구  테헤란로 223 큰길타워빌딩 ,768
561,2780,진흥기업,64102,토목 건설업,145353082,73252554000,500,원(KRW),02-772-1200,"인천광역시 연수구 컨벤시아대로 69 (송도동 , 송도밀레니엄 807호)",768
562,9310,참엔지니어링,32902,특수 목적용 기계 제조업,49189958,25019977500,500,원(KRW),031-330-8500,경기도 용인시 처인구  남사면 형제로 5 ,768
563,650,천일고속,84902,육상 여객 운송업,1429220,7146100000,5000,원(KRW),051-254-9111,부산광역시 동구 중앙대로 168(초량동) ,768
564,12600,청호컴넷,32901,일반 목적용 기계 제조업,8376352,41881760000,5000,원(KRW),02-3670-7700-2,서울특별시 강남구 도산대로 318 ,768
565,33250,체시스,33003,자동차 신품 부품 제조업,24000000,12000000000,500,원(KRW),053-851-8511,경상북도 경산시 진량읍 일연로 528 ,768
566,35720,카카오,106301,"자료처리, 호스팅, 포털 및 기타 인터넷 정보매개 서비스업",67866207,33983103500,500,원(KRW),02-6718-1082,제주특별자치도 제주시 첨단로 242 ,768
567,6380,카프로,32001,기초 화학물질 제조업,40000000,20000000000,500,원(KRW),02-399-1200,서울특별시 중구 을지로 51 교원내외빌딩 14F ,768
568,2380,케이씨씨,32004,기타 화학제품 제조업,10556513,56434870000,5000,원(KRW),02-3480-5000,서울특별시 서초구  사평대로 344 (주)케이씨씨 빌딩,768
569,29460,케이씨텍,32702,"측정, 시험, 항해, 제어 및 기타 정밀기기 제조업; 광학기기 제외",33393384,16696692000,500,원(KRW),031-670-8900,경기도 안성시  미양면 제2공단2길 39 ,768
570,9070,케이씨티시,84903,도로 화물 운송업,30000000,15000000000,500,원(KRW),02-310-0700,서울특별시 중구 남대문로 63 한진빌딩 ,768
571,145270,케이탑리츠,126801,부동산 임대 및 공급업,42145804,42145804000,1000,원(KRW),02-783-5858,서울특별시 영등포구 국제금융로 70 미원빌딩 19층 1901호,768
572,30200,케이티,106102,전기 통신업,261111808,1564498835000,5000,원(KRW),031-727-0114,경기도 성남시 분당구 불정로 90 KT 본사 ,768
573,58860,케이티스,106309,기타 정보 서비스업,34802000,17401000000,500,원(KRW),02-3215-2058,서울특별시 영등포구 여의대로 14 케이티빌딩 10층,768
574,53210,케이티스카이라이프,106002,텔레비전 방송업,47821966,119554915000,2500,원(KRW),02-2003-3000,"서울특별시 마포구 매봉산로 758층, 9층 ",768
575,33780,케이티앤지,31201,담배 제조업,137292497,954959485000,5000,원(KRW),042-939-5000,대전광역시 대덕구 벚꽃길 71 주식회사 케이티앤지,768
576,900140,코라오홀딩스,116409,기타 금융업,47869508,11967377,0.25,미국달러(USD),02-6050-7000,"PO Box 309, Ugland House, Grand Cayman, KY1-1104, Cayman Islands ",768
577,7810,코리아써키트,32602,전자부품 제조업,23620751,13684570000,500,원(KRW),031-491-3061,경기도 안산시 단원구  강촌로139번길 9 ,768
578,152330,코리아오토글라스,32301,유리 및 유리제품 제조업,20000000,100000000000,5000,원(KRW),044-860-5000,세종특별자치시  전의면 산단길 134 ,768
579,3690,코리안리,116502,재 보험업,120369116,60184558000,500,원(KRW),02-3702-6000,서울특별시 종로구  종로5길 68 (수송동) 코리안리빌딩,768
580,192820,코스맥스,32004,기타 화학제품 제조업,10049509,5024754500,500,원(KRW),031-359-0300,"경기도 화성시  향남읍 제약공단1길 27, 2길 46 ",768
581,44820,코스맥스비티아이,116409,기타 금융업,9603921,4801960500,500,원(KRW),031-789-3000,"경기도 성남시 분당구 판교로 255 에프-801(삼평동,판교이노밸리)",768
582,5070,코스모신소재,32004,기타 화학제품 제조업,15877968,79389840000,5000,원(KRW),043-850-1114,충청북도 충주시 충주호수로 36 (목행동) 코스모신소재 주식회사,768
583,5420,코스모화학,32004,기타 화학제품 제조업,14958444,74792220000,5000,원(KRW),052-231-6700,서울특별시 서초구  반포대로 43 코스모빌딩 5층,768
584,71950,코아스,33201,가구 제조업,30907210,15453605000,500,원(KRW),02-2692-2360,서울특별시 영등포구 선유로52길 17 ,768
585,2020,코오롱,116409,기타 금융업,12061185,65687875000,5000,원(KRW),02-3677-3114,경기 과천시 별양동 1-23 코오롱타워,768
586,3070,코오롱글로벌,64102,토목 건설업,25210438,127616205000,5000,원(KRW),02-3677-5114,경기도 과천시 코오롱로 11 코오롱타워,768
587,144620,코오롱머티리얼,32005,화학섬유 제조업,45000000,45000000000,1000,원(KRW),02-3677-4286,경기도 과천시  코오롱로 13 코오롱타워 별관8층 ,768
588,120110,코오롱인더,32005,화학섬유 제조업,25162634,139652470000,5000,원(KRW),3677-3114,경기도 과천시  코오롱로 11 코오롱타워,768
589,138490,코오롱플라스틱,32002,합성고무 및 플라스틱 물질 제조업,38000000,38000000000,1000,원(KRW),054-420-8371,경상북도 김천시  공단3길 64 (응명동),768
590,21240,코웨이,199609,그외 기타 개인 서비스업,74818121,40662398000,500,원(KRW),041-850-7811-5,충청남도 공주시 유구읍 유구마곡사로 136-23 ,768
591,31820,콤텍시스템,106201,"컴퓨터 프로그래밍, 시스템 통합 및 관리업",31851466,15925733000,500,원(KRW),02-3289-0114,서울특별시 영등포구  가마산로 343 ,768
592,192400,쿠쿠전자,32805,가정용 기기 제조업,9803360,4901680000,500,원(KRW),055-380-0734,경상남도 양산시 유산공단2길 14(교동) ,768
593,264900,크라운제과,31007,기타 식품 제조업,12523850,2659482000,200,원(KRW),02-791-9123,서울특별시 용산구 한강대로72길 3(남영동) ,768
594,5740,크라운해태홀딩스,116409,기타 금융업,14847347,7724036500,500,원(KRW),02-791-9123,서울특별시 용산구 한강대로72길 3 ,768
595,39490,키움증권,116601,금융 지원 서비스업,22099740,110498700000,5000,원(KRW),02-3787-5000,"서울특별시 영등포구 여의나루로4길 18 여의도동,키움파이낸스스퀘어빌딩",768
596,12170,키위미디어그룹,74607,기타 전문 도매업,156719712,78359856000,500,원(KRW),02-769-4799,"서울특별시 강남구 언주로 729 8층(논현동, 마스터스빌딩)",768
597,15890,태경산업,32001,기초 화학물질 제조업,29228750,14614375000,500,원(KRW),031-206-0071,경기도 수원시 영통구  신원로 53 (신동) ,768
598,6890,태경화학,32001,기초 화학물질 제조업,11600000,5800000000,500,원(KRW),02-3661-8011,서울특별시 강서구  공항대로 467 (등촌동) ,768
599,3240,태광산업,32005,화학섬유 제조업,1113400,5567000000,5000,원(KRW),02-3406-0300,서울특별시 중구  동호로 310 (장충동2가),768
600,11280,태림포장,31702,"골판지, 종이 상자 및 종이용기 제조업",70805940,35402970000,500,원(KRW),031-499-3333,경기도 시흥시 공단1대로379번안길 74 ,768
601,4100,태양금속공업,33003,자동차 신품 부품 제조업,36700000,20000000000,500,원(KRW),031-490-5500,경기도 안산시 단원구  해봉로 212 (성곡동),768
602,9410,태영건설,64102,토목 건설업,76400000,39478740000,500,원(KRW),031-910-6999,경기도 고양시 일산동구 정발산로 24 ,768
603,1420,태원물산,33003,자동차 신품 부품 제조업,7600000,3800000000,500,원(KRW),02-555-4301,서울특별시 강남구 테헤란로86길 14 (대치동),768
604,7980,태평양물산,31401,봉제의복 제조업,49074481,24537240500,500,원(KRW),02-850-9000,서울특별시 구로구 디지털로31길 12 태평양물산 ,768
605,55490,테이팩스,32202,플라스틱제품 제조업,4717650,3771825000,500,원(KRW),031-8047-4100,경기도 화성시 양감면 초록로532번길 62-16 ,768
606,78000,텔코웨어,106301,"자료처리, 호스팅, 포털 및 기타 인터넷 정보매개 서비스업",9702706,5026353000,500,원(KRW),02 -2105-9800,서울특별시 서초구  법원로3길 20-7 ,768
607,214420,토니모리,32004,기타 화학제품 제조업,17640000,3528000000,200,원(KRW),02-591-3191,서울특별시 서초구 방배로 180 토니모리빌딩 ,768
608,140890,트러스제7호,126801,부동산 임대 및 공급업,9686000,48430000000,5000,원(KRW),02-785-8920,서울특별시 양천구  목동동로 233-3 ,768
609,84870,티비에이치글로벌,31401,봉제의복 제조업,20856819,10428409500,500,원(KRW),02-2058-3800,서울특별시 강남구 봉은사로 456 베이직하우스빌딩(삼성동),768
610,19180,티에이치엔,32809,기타 전기장비 제조업,18000000,9000000000,500,원(KRW),053-583-3001,대구광역시 달서구 성서로71길 43 ,768
611,4870,티웨이홀딩스,32601,반도체 제조업,70959464,35479732000,500,원(KRW),02-2056-9800,"서울특별시 성동구 아차산로 153 7층(성수동2가, 예림출판문화센터)",768
612,134790,팀스,33201,가구 제조업,2000000,1000000000,500,원(KRW),02-3434-3908,충청북도 음성군 감곡면 음성로2568번길 33 (주)팀스 음성공장,768
613,5690,파미셀,32101,기초 의약물질 및 생물학적 제제 제조업,58408110,29204055000,500,원(KRW),02-3496-0114,"서울특별시 강남구 언주로 874 (신사동, 쌍봉빌딩 7층) ",768
614,36580,팜스코,31006,"곡물가공품, 전분 및 전분제품 제조업",36727943,18363971500,500,원(KRW),031-7207-114,경기도 안성시  미양면 제2공단4길 33 ,768
615,28670,팬오션,85001,해상 운송업,534537812,534537812000,1000,원(KRW),02-316-5114,서울특별시 종로구 종로5길 7 Tower 8 팬오션(주),768
616,10820,퍼스텍,32502,무기 및 총포탄 제조업,46764840,23382420000,500,원(KRW),055-212-1606,경상남도 창원시 성산구  남면로 485 퍼스텍(주),768
617,16800,퍼시스,33201,가구 제조업,11500000,14300000000,1000,원(KRW),02-3400-6386,서울특별시 송파구 오금로 311 오금동,768
618,1020,페이퍼코리아,31701,"펄프, 종이 및 판지 제조업",32216657,16108328500,500,원(KRW),063-440-5000,전라북도 군산시  구암로 50 ,768
619,90080,평화산업,33003,자동차 신품 부품 제조업,37403844,18701922000,500,원(KRW),053-610-7027,대구광역시 달성군 논공읍 논공로 597 ,768
620,10770,평화홀딩스,116409,기타 금융업,14625466,7312733000,500,원(KRW),053-610-8500,대구광역시 달성군  논공읍 논공로 597 ,768
621,5490,포스코,32401,1차 철강 제조업,87186835,482403125000,5000,원(KRW),054-220-0114,경상북도 포항시 남구  동해안로 6261 (주) 포스코,768
622,58430,포스코강판,32401,1차 철강 제조업,6000000,30000000000,5000,원(KRW),054-280-6114,경상북도 포항시 남구  철강로 173 포스코강판주식회사,768
623,47050,포스코대우,74601,상품 중개업,123375149,616875745000,5000,원(KRW),02-759-2114,서울특별시 중구  통일로 10 연세재단세브란스빌딩,768
624,17810,풀무원,116409,기타 금융업,3809095,19045475000,5000,원(KRW),043-879-4500,충청북도 음성군 대소면 삼양로 730-27 ,768
625,103140,풍산,32402,1차 비철금속 제조업,28024278,140121390000,5000,원(KRW),02-3406-5846,경기도 평택시  포승읍 평택항로156번길 134 (주)풍산,768
626,5810,풍산홀딩스,116409,기타 금융업,7835167,45175835000,5000,원(KRW),02-2278-6700,인천광역시 계양구  아나지로 156 효성동 (주)풍산홀딩스,768
627,33180,필룩스,32602,전자부품 제조업,31021979,15660989500,500,원(KRW),070-7780-8000,경기도 양주시 광적면 광적로 235-48 ,768
628,86790,하나금융지주,116409,기타 금융업,296003062,1480015310000,5000,원(KRW),02-2002-1110,서울특별시 중구  을지로 55 ,768
629,99340,하나니켈1호,116402,신탁업 및 집합투자업,22756200,113781000000,0,원(KRW),02-3771-9870,"서울특별시 중구  다동길 43 9층 (다동, 한외빌딩)",768
630,99350,하나니켈2호,116402,신탁업 및 집합투자업,3284000,16420000000,0,원(KRW),02-3771-9834,"서울특별시 중구  다동길 43 9층 (다동, 한외빌딩)",768
631,39130,하나투어,147502,여행사 및 기타 여행보조 서비스업,11616185,5808092500,500,원(KRW),02-2127-1000,서울특별시 종로구 인사동5길 41 (주)하나투어 ,768
632,172580,하이골드12호,147601,운송장비 임대업,13044500,65222500000,5000,원(KRW),02-2090-4625,제주특별자치도 제주시 연삼로 473 산업경제진흥원 (이도이동),768
633,153360,하이골드3호,147601,운송장비 임대업,16149790,80748950000,5000,원(KRW),02-2090-4624,제주특별시자치도 제주시 연삼로 473 산업경제진흥원,768
634,159650,하이골드8호,147601,운송장비 임대업,14905929,74529645000,5000,원(KRW),02-2090-4600,제주특별자치도 제주시 연삼로 473 산업경재진흥원 연삼로 473 산업경제진흥원(이도이동),768
635,71090,하이스틸,32401,1차 철강 제조업,1999944,9999720000,5000,원(KRW),02-2273-2140,충청남도 당진시 송악읍 부곡공단4길 28-252 ,768
636,19490,하이트론씨스템즈,32605,영상 및 음향기기 제조업,5530735,13826837500,2500,원(KRW),031-670-9100,경기도 안성시  삼죽면 서동대로 5953-85 ,768
637,80,하이트진로,31101,알코올음료 제조업,70133611,368818745000,5000,원(KRW),02-3219-0114,서울특별시 강남구 영동대로 714 ,768
638,140,하이트진로홀딩스,116409,기타 금융업,23206765,118387875000,5000,원(KRW),02-520-3112,서울특별시 강남구  영동대로 714 ,768
639,152550,한국ANKOR유전,116402,신탁업 및 집합투자업,70020000,350100000000,0,원(KRW),2180-0493,서울특별시 영등포구 은행로 3 여의도동,768
640,36460,한국가스공사,43502,연료용 가스 제조 및 배관공급업,92313000,461565000000,5000,원(KRW),053-670-0114,대구광역시 동구 첨단로 120- ,768
641,5430,한국공항,85209,기타 운송관련 서비스업,3166355,15831775000,5000,원(KRW),02-2660-3114,서울특별시 강서구  양천로 13 (방화동) 한국공항(주),768
642,71050,한국금융지주,116409,기타 금융업,55725992,307921215000,5000,원(KRW),02-3276-6400,서울특별시 영등포구  의사당대로 88 ,768
643,10040,한국내화,32302,"내화, 비내화 요업제품 제조업",22863632,11431816000,500,원(KRW),041-359-2200,충청남도 당진시  송산면 무수들길 370 ,768
644,25540,한국단자공업,32801,"전동기, 발전기 및 전기 변환 · 공급 · 제어 장치 제조업",10415000,5207500000,500,원(KRW),032-814-9981,인천광역시 연수구 갯벌로 38 ,768
645,4090,한국석유공업,32309,기타 비금속 광물제품 제조업,655200,3276000000,5000,원(KRW),02-799-3114,서울특별시 용산구  이촌로 166 ,768
646,2200,한국수출포장공업,31702,"골판지, 종이 상자 및 종이용기 제조업",4000000,20000000000,5000,원(KRW),02-525-2981-9,서울특별시 서초구 서초중앙로 63 ,768
647,2960,한국쉘석유,31902,석유 정제품 제조업,1300000,7000000000,5000,원(KRW),051-620-5133,부산광역시 남구  신선로 250 (용당동) ,768
648,2000,한국유리공업,32301,유리 및 유리제품 제조업,10079660,69882185000,5000,원(KRW),02-3706-9114,"서울특별시 강남구 테헤란로 211 10층 (역삼동, 한국고등교육재단빌딩)  ",768
649,123890,한국자산신탁,116402,신탁업 및 집합투자업,93500000,46750000000,500,원(KRW),02-2112-6300,"서울특별시 강남구 테헤란로 306 (역삼동, 카이트타워) ",768
650,15760,한국전력공사,43501,전기업,641964077,3209820385000,5000,원(KRW),061-345-3114,전라남도 나주시 전력로 55 -,768
651,6200,한국전자홀딩스,116409,기타 금융업,46803136,23401568000,500,원(KRW),02-3497-5535,서울특별시 서초구  마방로10길 5 ,768
652,2300,한국제지,31701,"펄프, 종이 및 판지 제조업",5004949,25024745000,5000,원(KRW),02-3475-7200,서울특별시 강남구  테헤란로 504 해성빌딩 19층,768
653,23350,한국종합기술,137201,"건축기술, 엔지니어링 및 관련 기술 서비스업",10950000,5475000000,500,원(KRW),02-2049-2517,경기도 성남시 중원구 산성대로476번길 6 (금광동),768
654,25890,한국주강,32902,특수 목적용 기계 제조업,11309259,5654629500,500,원(KRW),055-585-7251,경상남도 함안군 군북면 장백로 228 ,768
655,970,한국주철관공업,32401,1차 철강 제조업,22800500,12000000000,500,원(KRW),051-291-5481-5,부산광역시 사하구  을숙도대로 525 ,768
656,104700,한국철강,32401,1차 철강 제조업,9210000,46050000000,5000,원(KRW),055-260-0500,경상남도 창원시 성산구  공단로103번길 12 한국철강(주) ,768
657,17960,한국카본,32501,"구조용 금속제품, 탱크 및 증기발생기 제조업",43960757,21980378500,500,원(KRW),055-350-8888,경상남도 밀양시 부북면 춘화로 85 ,768
658,161890,한국콜마,32004,기타 화학제품 제조업,21104461,10552230500,500,원(KRW),02-3485-0332,세종특별자치시  전의면 덕고개길 12-11 ,768
659,24720,한국콜마홀딩스,116409,기타 금융업,16748936,8374468000,500,원(KRW),041-862-1057,세종특별자치시  전의면 덕고개길 12-11 ,768
660,161390,한국타이어,32201,고무제품 제조업,123875069,61937534500,500,원(KRW),02-2222-1000,서울특별시 강남구  테헤란로 133 ,768
661,240,한국타이어월드와이드,116409,기타 금융업,93020173,46510086500,500,원(KRW),02-2222-1000,서울특별시 강남구 테헤란로 133 ,768
662,34830,한국토지신탁,116402,신탁업 및 집합투자업,252489230,252489230000,1000,원(KRW),234511181,서울특별시 강남구 테헤란로 309 ,768
663,7280,한국특수형강,32401,1차 철강 제조업,18020878,9010439000,500,원(KRW),051-323-2611,부산광역시 사상구  장인로77번길 52(학장동) ,768
664,168490,한국패러랠,116402,신탁업 및 집합투자업,80020000,400100000000,0,원(KRW),02-3276-4815,서울특별시 영등포구 은행로3 ,768
665,10100,한국프랜지공업,33003,자동차 신품 부품 제조업,6090084,30450420000,5000,원(KRW),052-233-5511,울산 동구 동부동 194,768
666,47810,한국항공우주,33103,"항공기,우주선 및 부품 제조업",97475107,487375535000,5000,원(KRW),055-851-1380,경상남도 사천시  사남면 공단1로 78 한국항공우주산업 ,768
667,123690,한국화장품,74604,생활용품 도매업,16068000,8034000000,500,원(KRW),02-724-3281,서울특별시 종로구 청계천로 35 ,768
668,3350,한국화장품제조,32004,기타 화학제품 제조업,4532000,2266000000,500,원(KRW),02-724-3710,서울특별시 종로구 청계천로 35 ,768
669,11500,한농화성,32004,기타 화학제품 제조업,15637042,7818521000,500,원(KRW),063-462-2455,"전라북도 군산시  외항1길 24 (소룡동,0)",768
670,2390,한독,32102,의약품 제조업,12594080,6297040000,500,원(KRW),02-527-5114,서울특별시 강남구  테헤란로 132 ,768
671,14790,한라,64102,토목 건설업,36494942,182474710000,5000,원(KRW),02-3434-5114,서울특별시 송파구 올림픽로 289 ,768
672,60980,한라홀딩스,116409,기타 금융업,10802691,55086180000,5000,원(KRW),02-3434-6363,경기도 용인시 기흥구 기흥단지로 46 -,768
673,53690,한미글로벌,137201,"건축기술, 엔지니어링 및 관련 기술 서비스업",10867583,5433791500,500,원(KRW),02-3429-6300,서울특별시 강남구 테헤란로87길 36 도심공항타워 층,768
674,42700,한미반도체,32902,특수 목적용 기계 제조업,63582100,12716420500,200,원(KRW),032-571-9100,인천광역시 서구 가좌로30번길 14 ,768
675,8930,한미사이언스,116409,기타 금융업,62279874,31139937000,500,원(KRW),02-410-9114,경기도 화성시 팔탄면 무하로 214 한미약품(주) 팔탄공단,768
676,128940,한미약품,32102,의약품 제조업,11163452,27908630000,2500,원(KRW),031-356-3311,경기도 화성시  팔탄면 무하로 214 ,768
677,9240,한샘,74604,생활용품 도매업,23533928,23533928000,1000,원(KRW),02-590-3114,경기도 안산시 단원구 번영2로 144 ,768
678,20000,한섬,31401,봉제의복 제조업,24630000,12315000000,500,원(KRW),02-3416-2000,서울특별시 강남구  도산대로 523 한섬빌딩,768
679,3680,한성기업,31002,수산물 가공 및 저장 처리업,5477951,27389755000,5000,원(KRW),051-410-7100,부산광역시 영도구  태종로 63 ,768
680,105630,한세실업,31401,봉제의복 제조업,40000000,20000000000,500,원(KRW),02-3779-0779,서울특별시 영등포구 은행로 29 정우빌딩 ,768
681,69640,한세엠케이,74704,"섬유, 의복, 신발 및 가죽제품 소매업",12909322,6454661000,500,원(KRW),02-2142-5000,서울특별시 강남구  논현로 633 ,768
682,16450,한세예스24홀딩스,116409,기타 금융업,40000000,20000000000,500,원(KRW),02-3779-0800,서울특별시 영등포구  은행로 11 일신빌딩 6층 ,768
683,9180,한솔로지스틱스,85209,기타 운송관련 서비스업,16477425,8840941000,500,원(KRW),02-3287-7400,서울특별시 중구 을지로 100 파인애비뉴 B동 22층 ,768
684,213500,한솔제지,31701,"펄프, 종이 및 판지 제조업",23800576,119002880000,5000,원(KRW),02-3287-6040,"서울특별시 중구 을지로 100 비동 (을지로2가, 파인애비뉴) ",768
685,14680,한솔케미칼,32001,기초 화학물질 제조업,11295195,56475975000,5000,원(KRW),02-2152-2326,서울특별시 강남구 테헤란로 513K Tower 7F / 8F ,768
686,4710,한솔테크닉스,32602,전자부품 제조업,22109878,110549390000,5000,원(KRW),02-3287-7902,서울특별시 중구 을지로 100 ,768
687,10420,한솔피엔에스,74607,기타 전문 도매업,20493012,10246506000,500,원(KRW),02-6005-4534,서울특별시 중구 퇴계로 213 일흥빌딩 5층 ,768
688,4150,한솔홀딩스,116409,기타 금융업,46359871,231799355000,5000,원(KRW),02-3287-6875,서울특별시 중구 을지로 100 파인애비뉴 B동 24층 ,768
689,25750,한솔홈데코,31601,제재 및 목재 가공업,80565149,83765149000,1000,원(KRW),02-3284-3881,서울특별시 동작구 보라매로5길 15 전문건설회관빌딩 ,768
690,4960,한신공영,64101,건물 건설업,10722683,53613415000,5000,원(KRW),02-3393-3114,경기도 용인시 처인구  백암면 덕평로 82 ,768
691,11700,한신기계공업,32901,일반 목적용 기계 제조업,32446151,16223075500,500,원(KRW),031-491-3911,경기도 안산시 단원구  해봉로330번길 23 신길동,768
692,1750,한양증권,116601,금융 지원 서비스업,12728534,66267670000,5000,원(KRW),02-3770-5000,서울 영등포구 여의도동 34-11,768
693,18880,한온시스템,32901,일반 목적용 기계 제조업,533800000,53380000000,100,원(KRW),042-930-6114,대전광역시 대덕구  신일서로 95 ,768
694,9420,한올바이오파마,32102,의약품 제조업,52240638,26120319000,500,원(KRW),042-932-5997,대전광역시 대덕구  상서당1길 43  ,768
695,14130,한익스프레스,84903,도로 화물 운송업,1200000,6000000000,5000,원(KRW),02-3400-5474,경기도 화성시 양감면 초록로 103 (주)한익스프레스,768
696,3300,한일시멘트,32303,"시멘트, 석회, 플라스터 및 그 제품 제조업",7545313,37726565000,5000,원(KRW),02-531-7000,서울특별시 강남구  강남대로 330 우덕빌딩 ,768
697,2220,한일철강,32401,1차 철강 제조업,2040000,10200000000,5000,원(KRW),02-2267-6161,서울특별시 중구  퇴계로27길 28 (한영빌딩 9층),768
698,51600,한전KPS,64203,전기 및 통신 공사업,45000000,9000000000,200,원(KRW),061-345-2000,전라남도 나주시 문화로 211 -,768
699,52690,한전기술,137201,"건축기술, 엔지니어링 및 관련 기술 서비스업",38220000,7644000000,200,원(KRW),031-289-3114,경상북도 김천시 혁신로 269 (율곡동),768
700,130660,한전산업,137201,"건축기술, 엔지니어링 및 관련 기술 서비스업",32600000,16300000000,500,원(KRW),02-2250-2700,서울특별시 중구  서소문로 115 한산빌딩 ,768
701,2320,한진,84903,도로 화물 운송업,11974656,59873280000,5000,원(KRW),02-728-5114,서울특별시 중구 남대문로 63 한진빌딩 ,768
702,97230,한진중공업,64102,토목 건설업,106052508,530262540000,5000,원(KRW),051-410-3114,부산광역시 영도구  태종로 233 한진중공업,768
703,3480,한진중공업홀딩스,116409,기타 금융업,29529812,155149060000,5000,원(KRW),051-410-3114,부산광역시 중구 충장대로 6(중앙동4가) ,768
704,180640,한진칼,116409,기타 금융업,59170458,149268060000,2500,원(KRW),02-726-6166,서울특별시 중구 소공로 88 (소공동),768
705,5110,한창,74605,기계장비 및 관련 물품 도매업,34458589,17229294500,500,원(KRW),02-850-6545,부산광역시 연제구 중앙대로1043번길 50 4층(연산동),768
706,9460,한창제지,31701,"펄프, 종이 및 판지 제조업",59667486,29833743000,500,원(KRW),055-370-2000,경상남도 양산시  웅상대로 1564 (주)한창제지,768
707,880,한화,32004,기타 화학제품 제조업,74958735,489550145000,5000,원(KRW),02-729-1114,서울특별시 중구  청계천로 86 24층,768
708,27390,한화갤러리아타임월드,74701,종합 소매업,6000131,30000655000,5000,원(KRW),042-480-5000,대전광역시 서구  대덕대로 211 갤러리아타임월드백화점 (주)한화타임월드,768
709,88350,한화생명,116501,보험업,868530000,4342650000000,5000,원(KRW),02-789-5114,서울특별시 영등포구 63로 50 ,768
710,370,한화손해보험,116501,보험업,90738915,453694575000,5000,원(KRW),02-1566-8000,서울특별시 영등포구  여의대로 56 한화손해보험(주),768
711,9830,한화케미칼,32001,기초 화학물질 제조업,164809359,829665480000,5000,원(KRW),02-729-2700,서울특별시 중구 청계천로 86 한화빌딩 ,768
712,12450,한화테크윈,33103,"항공기,우주선 및 부품 제조업",52600000,265650000000,5000,원(KRW),02-729-2900,경상남도 창원시 성산구  창원대로 1204 ,768
713,3530,한화투자증권,116601,금융 지원 서비스업,172442511,886212555000,5000,원(KRW),02-3772-7000,서울특별시 영등포구  여의대로 56 한화증권빌딩 한화투자증권 주식회사,768
714,195870,해성디에스,32602,전자부품 제조업,17000000,85000000000,5000,원(KRW),7047610000,경상남도 창원시 성산구 웅남로 726 ,768
715,101530,해태제과식품,31007,기타 식품 제조업,29116822,14558411000,500,원(KRW),02-709-7766,충청남도 천안시 서북구 성거읍 천흥8길 67-26 ,768
716,143210,핸즈코퍼레이션,33003,자동차 신품 부품 제조업,21863268,10931634000,500,원(KRW),032-870-9600,인천광역시 서구 가정로37번길 50 ,768
717,89470,현대EP,32004,기타 화학제품 제조업,31900000,17200000000,500,원(KRW),041-350-0500,충청남도 당진시  석문면 대호만로 1221-32 현대EP 주식회사,768
718,720,현대건설,64102,토목 건설업,111355765,557273105000,5000,원(KRW),02-746-1114,서울특별시 종로구  율곡로 75 ,768
719,267270,현대건설기계,32901,일반 목적용 기계 제조업,3584046,17920230000,5000,원(KRW),031-8006-6000,서울특별시 종로구 율곡로 75 ,768
720,5440,현대그린푸드,74701,종합 소매업,97704482,48852241000,500,원(KRW),031-525-2233,경기도 용인시 수지구 문인로 30 ,768
721,86280,현대글로비스,85209,기타 운송관련 서비스업,37500000,18750000000,500,원(KRW),02-6191-9114,서울특별시 강남구 테헤란로 301 -,768
722,267250,현대로보틱스,116409,기타 금융업,16286617,81433085000,5000,원(KRW),053-670-7114,대구광역시 달성군 유가면 테크노순환로3길 50 ,768
723,64350,현대로템,33102,철도장비 제조업,85000000,425000000000,5000,원(KRW),055-273-1341,경상남도 창원시 의창구  창원대로 488 ,768
724,79430,현대리바트,33201,가구 제조업,17261650,17261650000,1000,원(KRW),02-3480-8001,경기도 용인시 처인구  남사면 경기동로 316 리바트,768
725,12330,현대모비스,33003,자동차 신품 부품 제조업,97343863,490969315000,5000,원(KRW),02-2018-5114,서울 강남구 역삼1동 로담코빌딩 140-2,768
726,10620,현대미포조선,33101,선박 및 보트 건조업,20000000,100000000000,5000,원(KRW),052-250-3114,울산광역시 동구 방어진순환도로 100 (주)현대미포조선,768
727,69960,현대백화점,74701,종합 소매업,23402441,117012205000,5000,원(KRW),02-549-2233,서울특별시 강남구 압구정로 201 ,768
728,4560,현대비앤지스틸,32401,1차 철강 제조업,15078811,75943315000,5000,원(KRW),055-268-4114,경상남도 창원시 성산구  적현로 124 ,768
729,12630,현대산업개발,64101,건물 건설업,75384180,376920900000,5000,원(KRW),02-2008-9114,서울특별시 용산구 한강대로23길 55 현대아이파크몰 9층 현대산업개발,768
730,11200,현대상선,85001,해상 운송업,191805827,959029135000,5000,원(KRW),02-3706-5114,서울특별시 종로구  율곡로 194 ,768
731,6390,현대시멘트,32303,"시멘트, 석회, 플라스터 및 그 제품 제조업",16758544,83792720000,5000,원(KRW),02-520-2114,서울특별시 강남구 강남대로 330 역삼동 우덕빌딩 ,768
732,4310,현대약품,32102,의약품 제조업,28000000,14000000000,500,원(KRW),041-570-5114,충청남도 천안시 동남구  풍세면 잔다리길 55 ,768
733,126560,현대에이치씨엔,106002,텔레비전 방송업,112876596,56438298000,500,원(KRW),02-1877-8000,서울특별시 서초구  반포대로 19 에이치씨엔빌딩,768
734,17800,현대엘리베이터,32901,일반 목적용 기계 제조업,24632513,123162565000,5000,원(KRW),031-644-5114,경기도 이천시  부발읍 경충대로 2091 현대엘리베이터(주),768
735,11210,현대위아,33003,자동차 신품 부품 제조업,27195083,135975415000,5000,원(KRW),055-280-9114,경상남도 창원시 성산구  정동로 153 ,768
736,267260,현대일렉트릭,32801,"전동기, 발전기 및 전기 변환 · 공급 · 제어 장치 제조업",3710107,18550535000,5000,원(KRW),02-746-7545,서울특별시 종로구 율곡로 75 ,768
737,5380,현대자동차,33001,자동차용 엔진 및 자동차 제조업,220276479,1488993125000,5000,원(KRW),02-3464-1114,서울특별시 서초구  헌릉로 12 ,768
738,4020,현대제철,32401,1차 철강 제조업,133445785,667228925000,5000,원(KRW),032-760-2114,인천광역시 동구  중봉대로 63 ,768
739,11760,현대종합상사,74608,상품 종합 도매업,13228966,66144830000,5000,원(KRW),02-390-1114,서울특별시 종로구 율곡로2길 25 연합미디어센터빌딩 16층,768
740,9540,현대중공업,33101,선박 및 보트 건조업,56665426,283327130000,5000,원(KRW),052-202-2114,울산광역시 동구  방어진순환도로 1000 현대중공업 ,768
741,1500,현대차투자증권,116601,금융 지원 서비스업,29337111,146685555000,5000,원(KRW),02-3787-2114,서울특별시 영등포구  국제금융로2길 32 ,768
742,227840,현대코퍼레이션홀딩스,74603,음·식료품 및 담배 도매업,9100836,45504180000,5000,원(KRW),02-390-1568,서울특별시 종로구 율곡로2길 25 ,768
743,1450,현대해상,116501,보험업,89400000,44700000000,500,원(KRW),02-1588-5656,서울 종로구 세종로 현대해상화재보험빌딩 ,768
744,57050,현대홈쇼핑,74709,무점포 소매업,12000000,60000000000,5000,원(KRW),02-2143-2000,서울특별시 강동구  올림픽로70길 34 ,768
745,93240,형지엘리트,31401,봉제의복 제조업,18467253,9233626500,500,원(KRW),02-3279-8015,서울특별시 강남구 테헤란로38길 12 디앤와이빌딩,768
746,3010,혜인,74605,기계장비 및 관련 물품 도매업,12712747,6356373500,500,원(KRW),02-3498-4500,서울특별시 서초구  동산로 86 혜인빌딩,768
747,111110,호전실업,31401,봉제의복 제조업,8000000,4657880000,500,원(KRW),02-710-5031,"서울특별시 마포구 마포대로 19 신화빌딩, 11층, 12층 ",768
748,8770,호텔신라,74708,기타 상품 전문 소매업,39248121,200000000000,5000,원(KRW),02-2233-3131,서울특별시 중구 동호로 249 (주) 호텔신라,768
749,2460,화성산업,64101,건물 건설업,12450800,62254000000,5000,원(KRW),053-767-2111,대구광역시 수성구  동대구로 111 ,768
750,13520,화승알앤에이,33003,자동차 신품 부품 제조업,64561210,32280605000,500,원(KRW),055-370-3331-4,경상남도 양산시  충렬로 61 ,768
751,241590,화승엔터프라이즈,116409,기타 금융업,30268335,15134167500,500,원(KRW),02-588-8042,서울특별시 서초구 서초대로 396 강남빌딩 4층 ,768
752,6060,화승인더스트리,32202,플라스틱제품 제조업,55320000,27660000000,500,원(KRW),051-311-0081,부산광역시 연제구 중앙대로 1079 장천빌딩 6층,768
753,10690,화신,33003,자동차 신품 부품 제조업,34920410,17460205000,500,원(KRW),054-330-5400,경상북도 영천시  도남공단길 94-2 ,768
754,133820,화인베스틸,32401,1차 철강 제조업,32100000,16050000000,500,원(KRW),055-259-2000,경상남도 창녕군 창녕읍 창밀로 259-33 ,768
755,10660,화천기계,32902,특수 목적용 기계 제조업,2200000,11000000000,5000,원(KRW),02-523-7766,서울특별시 서초구  방배로 46 ,768
756,850,화천기공,32902,특수 목적용 기계 제조업,2200000,11000000000,5000,원(KRW),062-951-5111,광주광역시 광산구 하남산단4번로 123-17 (장덕동) 화천기공(주),768
757,16580,환인제약,32102,의약품 제조업,18600070,9700035000,500,원(KRW),02-405-3000,"서울특별시 송파구 법원로6길 11 (문정동, 환인빌딩)",768
758,32560,황금에스티,32402,1차 비철금속 제조업,14000000,7000000000,500,원(KRW),031-363-8000,경기도 안산시 단원구 엠티브이1로 25 (주)황금에스티,768
759,4800,효성,32005,화학섬유 제조업,35117455,175587275000,5000,원(KRW),02-707-7000,서울특별시 마포구  마포대로 119 (공덕동) ,768
760,94280,효성 ITX,147509,기타 사업지원 서비스업,11558200,5779100000,500,원(KRW),02-2102-8400,서울특별시 영등포구  선유동2로 57 이레빌딩 15층,768
761,93370,후성,32001,기초 화학물질 제조업,92399753,46199876500,500,원(KRW),02-553-0097,경기도 화성시  팔탄면 현대기아로 72-37 ,768
762,81660,휠라코리아,74604,생활용품 도매업,12223014,61674420000,5000,원(KRW),02-523-6100,"서울특별시 서초구  명달로 6 (서초동, 11호) ",768
763,5870,휴니드테크놀러지스,32604,통신 및 방송 장비 제조업,14116015,70580075000,5000,원(KRW),032-457-6000,인천광역시 연수구  벤처로 87 ,768
764,79980,휴비스,32005,화학섬유 제조업,34500000,172500000000,5000,원(KRW),02-2189-4567,서울특별시 강남구  학동로 343 ,768
765,5010,휴스틸,32401,1차 철강 제조업,6918617,34593085000,5000,원(KRW),02-828-9000,"서울특별시 강남구  테헤란로 512 (대치동, 신안빌딩 14층)",768
766,69260,휴켐스,32004,기타 화학제품 제조업,40878588,40878588000,1000,원(KRW),02-2262-0600,서울특별시 중구  퇴계로 173 19층,768
767,540,흥국화재,116501,보험업,64242645,325821225000,5000,원(KRW),02-2002-6000,서울특별시 종로구 새문안로 68 ,768
768,3280,흥아해운,85001,해상 운송업,127713430,63856715000,500,원(KRW),02-3449-3000,서울특별시 송파구  새말로5길 21 흥아해운 빌딩,
